Clinic,Address,City,State,Zip,Treatment center,Detection center,Earliest facility asset created date,Earliest provider asset created date,Earliest any public asset created date,Cross-check assessment,Facility asset count,Provider photo asset count,Date source,Phone,Website,Providers
20/20 Optometry of Silicon Valley,"2555 North 1st Street, San Jose, CA 95131",San Jose,CA,95131,No,Yes,2026-05-05,,2026-05-05,Facility asset only,1,0,"Google Cloud Storage object timeCreated for Epioxa/Glaukos public facility and provider photo assets; proxy only, not official active date",+14085604870,https://2020eyesonline.com,
20/20 Vision Center,"116 Regency Boulevard, Greenville, NC 27834",Greenville,NC,27834,No,Yes,2026-05-18,2026-05-18,2026-05-18,Strong: facility/provider asset dates within 7 days,3,1,"Google Cloud Storage object timeCreated for Epioxa/Glaukos public facility and provider photo assets; proxy only, not official active date",+12526594784,www.2020visionnc.com,"Samantha Myers OD, FAAO"
4Sight iCare,"11914 Route 59, Unit 106, Plainfield, IL 60585",Plainfield,IL,60585,No,Yes,2026-05-20,2026-05-20,2026-05-20,Strong: facility/provider asset dates within 7 days,3,1,"Google Cloud Storage object timeCreated for Epioxa/Glaukos public facility and provider photo assets; proxy only, not official active date",+18154568927,https://www.4sighticare.com,Mark Burke
Abundo Eye Care,"579 East Fort Union Boulevard, Midvale, UT 84047",Midvale,UT,84047,No,Yes,2026-04-27,,2026-04-27,Facility asset only,1,0,"Google Cloud Storage object timeCreated for Epioxa/Glaukos public facility and provider photo assets; proxy only, not official active date",+18019198652,https://www.abundoeyecare.net/,Roland Abundo
Accent Vision,"1645 Galisteo Street, Santa Fe, NM 87505",Santa Fe,NM,87505,No,Yes,2026-04-20,,2026-04-20,Facility asset only,3,0,"Google Cloud Storage object timeCreated for Epioxa/Glaukos public facility and provider photo assets; proxy only, not official active date",+15055783171,https://www.accentvisionsantafe.com,Dwight Thibodeaux; Jaqueline Isquierdo
AccessorEyes Optometry,"155 Cordova Street, Pasadena, CA 91101",Pasadena,CA,91101,No,Yes,2026-05-06,,2026-05-06,Facility asset only,2,0,"Google Cloud Storage object timeCreated for Epioxa/Glaukos public facility and provider photo assets; proxy only, not official active date",+16267064224,www.accessoreyesoptometry.com,
Achord Eye Clinic,"8280 Ymca Plaza Drive, Baton Rouge, LA 70810",Baton Rouge,LA,70810,No,Yes,2026-05-22,,2026-05-22,Facility asset only,2,0,"Google Cloud Storage object timeCreated for Epioxa/Glaukos public facility and provider photo assets; proxy only, not official active date",+12256382434,visionsource-br.com,Shonda Achord
Alabama Ophthalmology Associates - Grandview,"3686 Grandview Parkway / Suite 100, Birmingham, AL 35243",Birmingham,AL,35243,Yes,No,2026-04-17,,2026-04-17,Facility asset only,2,0,"Google Cloud Storage object timeCreated for Epioxa/Glaukos public facility and provider photo assets; proxy only, not official active date",+12055437639,https://aoapc.com,Walter Parker; Kristen Bains
Alabama Ophthalmology Associates - Main Location,"1000 19th Street South, Birmingham, AL 35205",Birmingham,AL,35205,Yes,No,,,,No public asset date available,0,0,"Google Cloud Storage object timeCreated for Epioxa/Glaukos public facility and provider photo assets; proxy only, not official active date",+12058786754,https://www.aoapc.com/,Kristin Bains MD; Walter Parker
Alamo Eye Care,"North Loop 1604 East Access Road, San Antonio, TX 78247",San Antonio,TX,78247,No,Yes,2026-04-28,2026-04-28,2026-04-28,Strong: facility/provider asset dates within 7 days,3,2,"Google Cloud Storage object timeCreated for Epioxa/Glaukos public facility and provider photo assets; proxy only, not official active date",+12109342741,www.alamoeyecare.com,Melanie Frogozo OD; Anthony Mac
Aloha Laser Vision,"1100 Ward Ave / Suite 1000, Honolulu, HI 96814",Honolulu,HI,96814,Yes,Yes,2026-04-29,,2026-04-29,Facility asset only,3,0,"Google Cloud Storage object timeCreated for Epioxa/Glaukos public facility and provider photo assets; proxy only, not official active date",+18085156835,,
Alpine Optometry,"3130 Alpine Road #220, Portola Valley, CA 94028",Portola Valley,CA,94028,No,Yes,2026-05-29,,2026-05-29,Facility asset only,1,0,"Google Cloud Storage object timeCreated for Epioxa/Glaukos public facility and provider photo assets; proxy only, not official active date",+16506752412,www.alpineoptometry.com,
Anita Lam,"1101 Madison / Suite 600, Seattle, WA 98104",Seattle,WA,98104,No,Yes,2026-04-16,,2026-04-16,Facility asset only,2,0,"Google Cloud Storage object timeCreated for Epioxa/Glaukos public facility and provider photo assets; proxy only, not official active date",+12068007451,,
Aprima Eye Consultants,"5003 Crossings Circle
#100A, Mt. Juliet, TN 37122",Mt. Juliet,TN,37122,No,Yes,2026-06-30,2026-06-30,2026-06-30,Strong: facility/provider asset dates within 7 days,2,1,"Google Cloud Storage object timeCreated for Epioxa/Glaukos public facility and provider photo assets; proxy only, not official active date",+16156976815,https://aprimaeye.com/,Brad Altman
Ascent Eye Care,"7162 County Road 162, Nathrop, CO 81236",Nathrop,CO,81236,No,Yes,2026-06-24,2026-06-24,2026-06-24,Strong: facility/provider asset dates within 7 days,2,2,"Google Cloud Storage object timeCreated for Epioxa/Glaukos public facility and provider photo assets; proxy only, not official active date",+17195216072,https://www.ascenteyecareco.com/,Nick Chariton; Stefanie Melzer
Asheville Vsion and Wellness,"559 Long Shoals Road, Arden, NC 28704",Arden,NC,28704,No,Yes,2026-07-09,2026-07-09,2026-07-09,Strong: facility/provider asset dates within 7 days,1,2,"Google Cloud Storage object timeCreated for Epioxa/Glaukos public facility and provider photo assets; proxy only, not official active date",+18284155345,ashevillevisionandwellness.com,Lisa Greene; Sid Morse
Atlanta Eye Group,"4400 Ashford Dunwoody Road Suite 1280, Dunwoody, GA 30346",Dunwoody,GA,30346,No,Yes,2026-04-28,,2026-04-28,Facility asset only,1,0,"Google Cloud Storage object timeCreated for Epioxa/Glaukos public facility and provider photo assets; proxy only, not official active date",+17722915681,www.lenscrafters.com,Katie Harris
Atlanta Eye Group Cumberland,"2860 Cumberland Mall SE Suite 1440, Atlanta, GA 30339",Atlanta,GA,30339,No,Yes,2026-04-28,,2026-04-28,Facility asset only,1,0,"Google Cloud Storage object timeCreated for Epioxa/Glaukos public facility and provider photo assets; proxy only, not official active date",+17727731036,https://www.atlantaeyegroup.com/,Katie Harris
Atlanta Eye Group Tucker,"4832 Briarcliff Road Northeast, Atlanta, GA 30345",Atlanta,GA,30345,No,Yes,2026-04-28,,2026-04-28,Facility asset only,1,0,"Google Cloud Storage object timeCreated for Epioxa/Glaukos public facility and provider photo assets; proxy only, not official active date",+17723099771,atlantaeyegroup.com,Aditi Bellur; Ashka Patel; Cynthia Noorani; Aysha Siddique
Atlantic Eye Physicians,"300 S. Highway 35, Eatontown, NJ 07724",Eatontown,NJ,07724,Yes,No,2026-04-01,2026-04-02,2026-04-01,Strong: facility/provider asset dates within 7 days,1,1,"Google Cloud Storage object timeCreated for Epioxa/Glaukos public facility and provider photo assets; proxy only, not official active date",+17329634029,http://www.atlanticeyephysicians.com/services/corneal-transplant-surgery-and-dsek/,Ravi Patel MD
Atrium Health Wake Forest Baptist Eye Center - Davie,"329 NC Hwy 801 North, Bermuda Run, NC 27006",Bermuda Run,NC,27006,Yes,No,,,,No public asset date available,0,0,"Google Cloud Storage object timeCreated for Epioxa/Glaukos public facility and provider photo assets; proxy only, not official active date",+13363612641,http://www.wakehealth.edu/Eye-Center/Ophthalmology/Clinical-Specialties.htm,Matt Giegengack MD
Battleground Eye Care,"3132 Battleground Ave, Greensboro, NC 27408",Greensboro,NC,27408,No,Yes,2026-04-21,2026-04-21,2026-04-21,Strong: facility/provider asset dates within 7 days,2,1,"Google Cloud Storage object timeCreated for Epioxa/Glaukos public facility and provider photo assets; proxy only, not official active date",+13367535291,https://www.battlegroundeyecare.com,Jon Scott OD
Bay Area Eye Institute,"3242 Cove Bend Drive, Tampa, FL 33613",Tampa,FL,33613,Yes,Yes,2026-05-14,2026-05-14,2026-05-14,Strong: facility/provider asset dates within 7 days,4,1,"Google Cloud Storage object timeCreated for Epioxa/Glaukos public facility and provider photo assets; proxy only, not official active date",+17653751409,https://craigbergermd.com,Craig Berger MD
Beau Swann,"201 Londonderry Dr, Waco, TX 76712",Waco,TX,76712,Yes,No,2026-06-22,2026-06-22,2026-06-22,Strong: facility/provider asset dates within 7 days,1,1,"Google Cloud Storage object timeCreated for Epioxa/Glaukos public facility and provider photo assets; proxy only, not official active date",+12545035548,https://brazoseye.com/,Jordan Tanous Dr.
Bedford Family Eye Care,"1332A Lowry Street, Bedford, VA 24523",Bedford,VA,24523,No,Yes,2026-05-05,2026-05-05,2026-05-05,Strong: facility/provider asset dates within 7 days,3,1,"Google Cloud Storage object timeCreated for Epioxa/Glaukos public facility and provider photo assets; proxy only, not official active date",+15408893557,www.bedfordfamilyeye.com,Jared Quensenberry OD
Berg-Feinfield Vision Correction,"13320 Riverside DriveSte 114, Sherman Oaks, CA 91423",Sherman Oaks,CA,91423,Yes,Yes,2026-06-23,,2026-06-23,Facility asset only,1,0,"Google Cloud Storage object timeCreated for Epioxa/Glaukos public facility and provider photo assets; proxy only, not official active date",+12762089778,http://www.bergfeinfield.com/los-angeles/vision-correction.htm,
Beverly Hills Institute of Ophthalmology,"416 North Bedford Drive, Beverly Hills, CA 90210",Beverly Hills,CA,90210,Yes,No,2026-04-17,,2026-04-17,Facility asset only,2,0,"Google Cloud Storage object timeCreated for Epioxa/Glaukos public facility and provider photo assets; proxy only, not official active date",+16205319248,https://www.90210eyes.com,
Beyond Optometry,"3440 Del Lago Boulevard, Escondido, CA 92029",Escondido,CA,92029,No,Yes,2026-06-08,,2026-06-08,Facility asset only,3,0,"Google Cloud Storage object timeCreated for Epioxa/Glaukos public facility and provider photo assets; proxy only, not official active date",+17602806064,https://beyondoptometry.com,
BoozmanHof,"3737 West Walnut St, Rogers, AR 72756",Rogers,AR,72756,Yes,No,2026-06-24,,2026-06-24,Facility asset only,1,0,"Google Cloud Storage object timeCreated for Epioxa/Glaukos public facility and provider photo assets; proxy only, not official active date",+14794254017,https://boozmanhof.com/,
Boston Children's Hospital,"360 1st Avenue / Floor 3, Needham, MA 02494",Needham,MA,02494,Yes,No,2026-04-15,2026-04-22,2026-04-15,Strong: facility/provider asset dates within 7 days,1,3,"Google Cloud Storage object timeCreated for Epioxa/Glaukos public facility and provider photo assets; proxy only, not official active date",+19787218103,https://www.childrenshospital.org/locations/boston-childrens-needham,"Thomas Dohlman MD; Leyla Yavuz Saricay MD, MSc, FEBO; Jae You MD"
Boston Vision,"24 Webster Place, Brookline, MA 02445",Brookline,MA,02445,Yes,Yes,2026-05-04,2026-04-28,2026-04-28,Strong: facility/provider asset dates within 7 days,1,5,"Google Cloud Storage object timeCreated for Epioxa/Glaukos public facility and provider photo assets; proxy only, not official active date",+19385296202,https://www.bostonvision.com/services/cornea/corneal-cross-linking/,"James Gregoire MD, MS; Samir Melki MD, PHD, Founder; Jason Brenner MD; Vivian Yao OD; Deborah Lee OD"
Boston Vision,"101 Main Street
suite 208, Medford, MA 02155",Medford,MA,02155,No,Yes,2026-06-19,2026-06-19,2026-06-19,Strong: facility/provider asset dates within 7 days,3,1,"Google Cloud Storage object timeCreated for Epioxa/Glaukos public facility and provider photo assets; proxy only, not official active date",+12513018457,https://www.bostonvision.com/services/cornea/corneal-cross-linking/?dlmtrk_referrer=https%3A%2F%2Fwww.google.com%2F&dlmtrk_landing=https%3A%2F%2Fwww.bostonvision.com%2Fpatient-resources%2Fpatient-portal%2F&dlmtrk_source=google_organic,"Stivia Demiri OD, FAAO"
Boston Vision,"172 Cambridge Street, Burlington, MA 01803",Burlington,MA,01803,No,Yes,2026-06-15,2026-06-15,2026-06-15,Strong: facility/provider asset dates within 7 days,1,1,"Google Cloud Storage object timeCreated for Epioxa/Glaukos public facility and provider photo assets; proxy only, not official active date",+19452929264,https://www.bostonvision.com/services/cornea/corneal-cross-linking,Cora Vitale OD
Branham Family Eyecare,"1673 Branham Lane, San Jose, CA 95118",San Jose,CA,95118,No,Yes,2026-06-23,,2026-06-23,Facility asset only,2,0,"Google Cloud Storage object timeCreated for Epioxa/Glaukos public facility and provider photo assets; proxy only, not official active date",+18453160694,https://branhamfamilyeyecare.com/,
Bright Eyes Optical Mt. Vernon,"51 East Prospect Avenue, Mount Vernon, NY 10550",Mount Vernon,NY,10550,No,Yes,2026-06-29,2026-06-29,2026-06-29,Strong: facility/provider asset dates within 7 days,1,1,"Google Cloud Storage object timeCreated for Epioxa/Glaukos public facility and provider photo assets; proxy only, not official active date",+19148752138,https://brighteyesmv.com/,Sumati Deutscher
Broward EyeCare,"2502 East Oakland Park Boulevard, Fort Lauderdale, FL 33306",Fort Lauderdale,FL,33306,No,Yes,2026-04-28,2026-04-28,2026-04-28,Strong: facility/provider asset dates within 7 days,4,2,"Google Cloud Storage object timeCreated for Epioxa/Glaukos public facility and provider photo assets; proxy only, not official active date",+19549942386,browardeye.com,John Bascome; Alyssa Panagos
Byers Eye Institute at Stanford,"2452 Watson Court, Palo Alto, CA 94303",Palo Alto,CA,94303,Yes,No,2026-05-07,,2026-05-07,Facility asset only,1,0,"Google Cloud Storage object timeCreated for Epioxa/Glaukos public facility and provider photo assets; proxy only, not official active date",+16505358424,http://eyelaser.stanford.edu/procedures/other_procedures.html,
C | Lane Eye Associates,"3070 Harrodsburg Road
Suite 130, Lexington, KY 40503",Lexington,KY,40503,No,Yes,2026-06-11,2026-06-11,2026-06-11,Strong: facility/provider asset dates within 7 days,3,2,"Google Cloud Storage object timeCreated for Epioxa/Glaukos public facility and provider photo assets; proxy only, not official active date",+18596518784,https://www.claneeyeassociates.com,Kari Carpenter; Allyson Lane
Cali Eye Institute,"1739 W Avenue J, Lancaster, CA 93534",Lancaster,CA,93534,Yes,No,2026-07-10,,2026-07-10,Facility asset only,2,0,"Google Cloud Storage object timeCreated for Epioxa/Glaukos public facility and provider photo assets; proxy only, not official active date",+18312825514,https://calieye.com/locations/lancaster-eye-institute/?utm_source=google&utm_medium=organic&utm_campaign=gbp_lancaster&utm_content=website_button,
Cape Fear Eye Associates,"1726 Metro Medical Drive, Fayetteville, NC 28304",Fayetteville,NC,28304,Yes,No,2026-04-17,,2026-04-17,Facility asset only,1,0,"Google Cloud Storage object timeCreated for Epioxa/Glaukos public facility and provider photo assets; proxy only, not official active date",+19105863529,https://www.capefeareye.com,Sheel Patel
CarlinVision,"2377 Lenora Church Road, Snellville, GA 30078",Snellville,GA,30078,Yes,Yes,2026-06-16,2026-06-15,2026-06-15,Strong: facility/provider asset dates within 7 days,3,2,"Google Cloud Storage object timeCreated for Epioxa/Glaukos public facility and provider photo assets; proxy only, not official active date",+15054618235,https://www.carlinvision.com,David Carlin; Blake Thornhill
Carolina Cataract and Laser,"137 Gateway Dr., Ladson, SC 29456",Ladson,SC,29456,Yes,No,2026-04-20,2026-04-20,2026-04-20,Strong: facility/provider asset dates within 7 days,3,4,"Google Cloud Storage object timeCreated for Epioxa/Glaukos public facility and provider photo assets; proxy only, not official active date",+18433806121,http://www.carolinacataract.com/cornea-diseases-charleston/corneal-collagen-cross-linking/,David Vroman MD; Kristiana Neff; Charlene Grice; Michelle Ying
Carolina Eye Associates - Greensboro Office,"3312 Battleground Avenue, Greensboro, NC 27410",Greensboro,NC,27410,Yes,No,2026-04-15,,2026-04-15,Facility asset only,2,0,"Google Cloud Storage object timeCreated for Epioxa/Glaukos public facility and provider photo assets; proxy only, not official active date",+13365305860,,Derek Delmonte MD
Carolina Eye Physicians- North Charleston,"2861 Tricom Street, North Charleston, SC 29406",North Charleston,SC,29406,Yes,No,2026-06-23,2026-06-23,2026-06-23,Strong: facility/provider asset dates within 7 days,2,1,"Google Cloud Storage object timeCreated for Epioxa/Glaukos public facility and provider photo assets; proxy only, not official active date",+18433508609,https://carolinaeyecare.com/location/north-charleston/,Cole Milliken
Carolina Vision Center,"2047 Valleygate Drive, Fayetteville, NC 28304",Fayetteville,NC,28304,Yes,No,2026-04-22,2026-04-22,2026-04-22,Strong: facility/provider asset dates within 7 days,3,1,"Google Cloud Storage object timeCreated for Epioxa/Glaukos public facility and provider photo assets; proxy only, not official active date",+19106316261,,Michael Woodcock
Caruana Eye Care,"1164 East Oakland Park Boulevard / Suite 300, Oakland Park, FL 33334",Oakland Park,FL,33334,Yes,No,2026-07-09,2026-07-09,2026-07-09,Strong: facility/provider asset dates within 7 days,2,1,"Google Cloud Storage object timeCreated for Epioxa/Glaukos public facility and provider photo assets; proxy only, not official active date",+17623779132,https://caruanaeye.com/,Albert Caruana
Catalina Eye Care,"3925 E. Ft. Lowell Rd / Suite 100, Tucson, AZ 85712",Tucson,AZ,85712,No,Yes,2026-07-10,2026-07-10,2026-07-10,Strong: facility/provider asset dates within 7 days,1,1,"Google Cloud Storage object timeCreated for Epioxa/Glaukos public facility and provider photo assets; proxy only, not official active date",+15203410524,Catalinaeyecare.com,Ovette Villavicencio
Cataract and Vision Center of Hawaii,"1712 Liliha St / Suite 400, Honolulu, HI 96817",Honolulu,HI,96817,Yes,Yes,2026-06-29,,2026-06-29,Facility asset only,1,0,"Google Cloud Storage object timeCreated for Epioxa/Glaukos public facility and provider photo assets; proxy only, not official active date",+18087463583,cataractandvision@gmail.com,
Cavanaugh Eye Center,"6200 West 135th St, Overland Park, KS 66223",Overland Park,KS,66223,No,Yes,2026-06-24,2026-06-24,2026-06-24,Strong: facility/provider asset dates within 7 days,2,2,"Google Cloud Storage object timeCreated for Epioxa/Glaukos public facility and provider photo assets; proxy only, not official active date",+19139338194,https://lasikkansascity.com/locations/overland-park/?utm_source=gmb&utm_medium=yext,Jared Jaynes; Tim Cavanaugh
"Center For Sight - Pensacola, FL.","6190 N. Davis Hwy, Pensacola, FL 32504",Pensacola,FL,32504,Yes,No,2026-06-24,,2026-06-24,Facility asset only,1,0,"Google Cloud Storage object timeCreated for Epioxa/Glaukos public facility and provider photo assets; proxy only, not official active date",+18507067183,www.centerforsight.org,
Center For Sight - Venice,"1360 East Venice Avenue, Venice, FL 34285",Venice,FL,34285,No,Yes,2026-06-29,,2026-06-29,Facility asset only,1,0,"Google Cloud Storage object timeCreated for Epioxa/Glaukos public facility and provider photo assets; proxy only, not official active date",+19417704421,https://centerforsight.net/location/venice/?utm_campaign=Google+Business+Profile+Venice,
Center for Sight- Englewood,"1800 South McCall Road, Englewood, FL 34223",Englewood,FL,34223,No,Yes,2026-07-09,,2026-07-09,Facility asset only,1,0,"Google Cloud Storage object timeCreated for Epioxa/Glaukos public facility and provider photo assets; proxy only, not official active date",+19412562267,https://centerforsight.net/location/englewood/?utm_campaign=Google+Business+Profile+Englewood,
Center for Sight- North Port,"14844 South Tamiami Trail, North Port, FL 34287",North Port,FL,34287,No,Yes,2026-07-09,,2026-07-09,Facility asset only,1,0,"Google Cloud Storage object timeCreated for Epioxa/Glaukos public facility and provider photo assets; proxy only, not official active date",+19416810935,https://centerforsight.net/location/north-port/?utm_campaign=Google+Business+Profile+North+Port,
Center for Sight- Sarasota,"2601 S. Tamiami Trail, Sarasota, FL 34239",Sarasota,FL,34239,Yes,Yes,2026-06-29,,2026-06-29,Facility asset only,1,0,"Google Cloud Storage object timeCreated for Epioxa/Glaukos public facility and provider photo assets; proxy only, not official active date",+19413850269,https://centerforsight.net/location/sarasota/?utm_campaign=Google+Business+Profile+Sarasota,
Center for Sight- University Park,"5409 University Parkway, Bradenton, FL 34201",Bradenton,FL,34201,No,Yes,2026-07-09,,2026-07-09,Facility asset only,1,0,"Google Cloud Storage object timeCreated for Epioxa/Glaukos public facility and provider photo assets; proxy only, not official active date",+19413948054,https://centerforsight.net/location/university-park/?utm_campaign=Google+Business+Profile+University+Park,
Charlotte Contact Lens Institute,"5950 Fairview Road STE 708, Charlotte, NC 28210",Charlotte,NC,28210,No,Yes,2026-06-18,2026-06-18,2026-06-18,Strong: facility/provider asset dates within 7 days,2,2,"Google Cloud Storage object timeCreated for Epioxa/Glaukos public facility and provider photo assets; proxy only, not official active date",+15713909402,www.charlottecontactlens.com,Aerial Cerenzie; Heather Cipperly
Cherry Glen Sight & Style,"600 South Holly Street, Denver, CO 80246",Denver,CO,80246,No,Yes,2026-05-13,2026-05-13,2026-05-13,Strong: facility/provider asset dates within 7 days,3,2,"Google Cloud Storage object timeCreated for Epioxa/Glaukos public facility and provider photo assets; proxy only, not official active date",+17202921602,https://www.cherryglenvision.com/?noamp,Aaron Winstead; James Cutler
Cheyenne Vision Clinic,"1854 Dell Range Boulevard, Cheyenne, WY 82009",Cheyenne,WY,82009,No,Yes,2026-04-15,,2026-04-15,Facility asset only,2,0,"Google Cloud Storage object timeCreated for Epioxa/Glaukos public facility and provider photo assets; proxy only, not official active date",+13073815945,https://www.cheyennevisionclinic.com/,Joe Munsell
Chicago Cornea,"1585 Barrington Rd / Bldg 2 / Ste 502, Hoffman Estates, IL 60169",Hoffman Estates,IL,60169,Yes,Yes,2026-04-06,2026-04-06,2026-04-06,Strong: facility/provider asset dates within 7 days,1,3,"Google Cloud Storage object timeCreated for Epioxa/Glaukos public facility and provider photo assets; proxy only, not official active date",,https://www.chicagocornea.com/,Parag Majmudar; Neel Vaidya; Marsha Malooley; Riddhi Patel; Nicholas Blasco; Tiffany Andrzejewski; Alexander Golden; Anjali Raichura
Chicago Cornea Consultants,"1602 Central Road, Arlington Heights, IL 60005",Arlington Heights,IL,60005,No,Yes,2026-04-15,,2026-04-15,Facility asset only,1,0,"Google Cloud Storage object timeCreated for Epioxa/Glaukos public facility and provider photo assets; proxy only, not official active date",+13127785786,chicagocornea.com,"Alexander Golden; Nicholas Blasco; Anjali Raichura,; Riddhi Patel,"
Chicago Cornea Consultants,"1725 West Harrison Street, Suite 928, Chicago, IL 60612",Chicago,IL,60612,No,Yes,2026-04-15,,2026-04-15,Facility asset only,2,0,"Google Cloud Storage object timeCreated for Epioxa/Glaukos public facility and provider photo assets; proxy only, not official active date",+15312083495,https://www.chicagocornea.com/locations/chicago-office/,"Anjali Raichura; Tiffany Andrzejewski; Marsha Malooley,"
Chicago Cornea Consultants,"806 Central Ave., Highland Park, IL 60035",Highland Park,IL,60035,No,Yes,2026-04-15,,2026-04-15,Facility asset only,2,0,"Google Cloud Storage object timeCreated for Epioxa/Glaukos public facility and provider photo assets; proxy only, not official active date",+19788134633,https://www.chicagocornea.com/locations/highland-park-office/,Marsha Malooley OD FAAO FSLS; Tiffany Andrzejewski; Anjali Raichura; Nicholas Blasco; Riddhi Patel; Alexander Golden
Chico Eye Center,"3401 Esplanade, Chico, CA 95973",Chico,CA,95973,Yes,Yes,2026-07-10,2026-07-10,2026-07-10,Strong: facility/provider asset dates within 7 days,1,1,"Google Cloud Storage object timeCreated for Epioxa/Glaukos public facility and provider photo assets; proxy only, not official active date",+15308044417,https://www.chicoeye.com/,Sean Liston
Childrens Hospital of Philadelphia,"3401 Civic Center Boulevard, Philadelphia, PA 19104",Philadelphia,PA,19104,Yes,No,2026-04-15,2026-06-16,2026-04-15,Weak: facility/provider asset dates differ by more than 30 days,1,1,"Google Cloud Storage object timeCreated for Epioxa/Glaukos public facility and provider photo assets; proxy only, not official active date",+15314555149,https://www.chop.edu/,Kristin Hammersmith MD
Chino Optometry Center,"11640 Central Ave., Chino, CA 91710",Chino,CA,91710,No,Yes,2026-06-29,,2026-06-29,Facility asset only,1,0,"Google Cloud Storage object timeCreated for Epioxa/Glaukos public facility and provider photo assets; proxy only, not official active date",+19093231227,https://www.chinooptometrycenter.net/,
City Eyes Optometry Center,"4454 Van Nuys Boulevard, #C, Sherman Oaks, CA 91403",Sherman Oaks,CA,91403,No,Yes,2026-05-06,,2026-05-06,Facility asset only,2,0,"Google Cloud Storage object timeCreated for Epioxa/Glaukos public facility and provider photo assets; proxy only, not official active date",+15716883747,www.cityeyes.org,
Clarin Eyecare,"14429 South Dixie Highway, Miami, FL 33176",Miami,FL,33176,No,Yes,2026-05-28,2026-05-27,2026-05-27,Strong: facility/provider asset dates within 7 days,2,1,"Google Cloud Storage object timeCreated for Epioxa/Glaukos public facility and provider photo assets; proxy only, not official active date",+12409801793,,Leslie Scher
Clarus Eye Centre,"345 College St SE / Ste C, Lacey, WA 98503",Lacey,WA,98503,No,Yes,2026-07-09,,2026-07-09,Facility asset only,2,0,"Google Cloud Storage object timeCreated for Epioxa/Glaukos public facility and provider photo assets; proxy only, not official active date",+13603005946,http://www.claruseye.com/portfolio-post/corneal-disease-transplants/,
Clarus Eye Centre Olympia,"215 Lilly Road Northeast, Olympia, WA 98506",Olympia,WA,98506,No,Yes,2026-06-19,,2026-06-19,Facility asset only,2,0,"Google Cloud Storage object timeCreated for Epioxa/Glaukos public facility and provider photo assets; proxy only, not official active date",+13606547621,https://www.claruseye.com/lilly/,
Clear Vision San Antonio,"8002 West Ave, San Antonio, TX 78213",San Antonio,TX,78213,Yes,Yes,2026-04-15,,2026-04-15,Facility asset only,3,0,"Google Cloud Storage object timeCreated for Epioxa/Glaukos public facility and provider photo assets; proxy only, not official active date",+12103612315,https://www.clearvisionsanantonio.com,Ricardo Sepulveda; Robert Green MD; Christian Lopez OD
Clearview Family Eyecare,"618 Oakleaf Office Lane, Memphis, TN 38117",Memphis,TN,38117,No,Yes,2026-05-22,2026-05-22,2026-05-22,Strong: facility/provider asset dates within 7 days,2,1,"Google Cloud Storage object timeCreated for Epioxa/Glaukos public facility and provider photo assets; proxy only, not official active date",+19016889492,cfememphis.com,Seth Salley
Cohen Laser & Vision Center,"3020 North Military Trail, Boca Raton, FL 33431",Boca Raton,FL,33431,Yes,Yes,2026-04-15,,2026-04-15,Facility asset only,2,0,"Google Cloud Storage object timeCreated for Epioxa/Glaukos public facility and provider photo assets; proxy only, not official active date",+15616581367,cohenvision.com,Joshua Cohen; Tracy Kimmelman
Cohenmehr Optometry,"12222 Wilshire Boulevard, Unit 105, Los Angeles, CA 90025",Los Angeles,CA,90025,No,Yes,2026-05-06,,2026-05-06,Facility asset only,2,0,"Google Cloud Storage object timeCreated for Epioxa/Glaukos public facility and provider photo assets; proxy only, not official active date",+14056493602,cohenmehreye.com,
Colorado Eye Institute,"9320 Grand Cordera Pkwy / STE 255, Colorado Springs, CO 80924",Colorado Springs,CO,80924,Yes,Yes,2026-04-15,,2026-04-15,Facility asset only,3,0,"Google Cloud Storage object timeCreated for Epioxa/Glaukos public facility and provider photo assets; proxy only, not official active date",+17192993752,http://eyescolorado.com/,James Lee
Columbus Eyeworks,"25 West Hubbard Avenue, Columbus, OH 43215",Columbus,OH,43215,No,Yes,2026-06-05,2026-06-05,2026-06-05,Strong: facility/provider asset dates within 7 days,3,1,"Google Cloud Storage object timeCreated for Epioxa/Glaukos public facility and provider photo assets; proxy only, not official active date",+17855083781,columbuseyeworks.com,Kurt Bennett
Comprehensive Eye Care of Central Ohio,"450 Alkyre Run Road / Suite 100, Westerville, OH 43082",Westerville,OH,43082,Yes,Yes,2026-04-17,2026-04-17,2026-04-17,Strong: facility/provider asset dates within 7 days,3,1,"Google Cloud Storage object timeCreated for Epioxa/Glaukos public facility and provider photo assets; proxy only, not official active date",+16144900892,https://www.compeyecare.com,Kenneth Beckman; Jennifer Steineman; Katie Wulff; Tatiana Hammond; Stacy Schonberg; Jaclyn Paskiet; Zachary Coates
Connecticut Eye Specialists,"4 Corporate Drive # 380, Shelton, CT 06484",Shelton,CT,06484,Yes,No,2026-04-09,,2026-04-09,Facility asset only,2,0,"Google Cloud Storage object timeCreated for Epioxa/Glaukos public facility and provider photo assets; proxy only, not official active date",+16067551647,cteyespecialists.com,
Consulting Ophthalmologists P.C.,"499 Farmington Ave, Farmington, CT 06032",Farmington,CT,06032,No,Yes,2026-06-11,,2026-06-11,Facility asset only,2,0,"Google Cloud Storage object timeCreated for Epioxa/Glaukos public facility and provider photo assets; proxy only, not official active date",+18604067621,consultingeye.com,
Contact Lens Institute of Colorado,"5236 Strauss Cabin Road, Fort Collins, CO 80528",Fort Collins,CO,80528,No,Yes,2026-04-21,,2026-04-21,Facility asset only,3,0,"Google Cloud Storage object timeCreated for Epioxa/Glaukos public facility and provider photo assets; proxy only, not official active date",+19707172829,https://www.clicolorado.com,
Contact Lense Institute of Nevada,"9260 W Sunset Rd Unit 209, Las Vegas, NV 89149",Las Vegas,NV,89149,No,Yes,2026-07-10,2026-07-10,2026-07-10,Strong: facility/provider asset dates within 7 days,2,1,"Google Cloud Storage object timeCreated for Epioxa/Glaukos public facility and provider photo assets; proxy only, not official active date",+17027650989,https://www.clinevada.com,Stephanie Woo
Coral Gables Eyecare,"58 Miracle Mile, Coral Gables, FL 33134",Coral Gables,FL,33134,No,Yes,2026-05-28,2026-05-28,2026-05-28,Strong: facility/provider asset dates within 7 days,2,1,"Google Cloud Storage object timeCreated for Epioxa/Glaukos public facility and provider photo assets; proxy only, not official active date",+18062305750,,Leslie Scher
Corewell Health,"3601 W. 13 Mile Rd, Royal Oak, MI 48073",Royal Oak,MI,48073,Yes,Yes,2026-06-23,,2026-06-23,Facility asset only,1,0,"Google Cloud Storage object timeCreated for Epioxa/Glaukos public facility and provider photo assets; proxy only, not official active date",+12486022960,,
Cornea & Laser Eye Institute - CLEI Center for Keratoconus,"300 Frank W Burr Blvd. / Suite 71, Teaneck, NJ 07666",Teaneck,NJ,07666,Yes,Yes,2026-05-11,2026-05-11,2026-05-11,Strong: facility/provider asset dates within 7 days,2,1,"Google Cloud Storage object timeCreated for Epioxa/Glaukos public facility and provider photo assets; proxy only, not official active date",+12018905810,https://www.vision-institute.com,John Gelles; Steven Greenstein
Custom Eyes Lenexa,"15601 West 87th Street, Lenexa, KS 66219",Lenexa,KS,66219,No,Yes,2026-05-14,2026-05-14,2026-05-14,Strong: facility/provider asset dates within 7 days,3,1,"Google Cloud Storage object timeCreated for Epioxa/Glaukos public facility and provider photo assets; proxy only, not official active date",+19136759167,customeyeskc.com,Chris Cossette OD
Dakota Eye Institute,"200 South 5th Street, Bismarck, ND 58504",Bismarck,ND,58504,Yes,Yes,2026-06-23,,2026-06-23,Facility asset only,2,0,"Google Cloud Storage object timeCreated for Epioxa/Glaukos public facility and provider photo assets; proxy only, not official active date",+17017146605,,
Danville Eye Center,"104 Smoky Way 
#100, Danville, KY 40422",Danville,KY,40422,No,Yes,2026-06-11,2026-06-11,2026-06-11,Strong: facility/provider asset dates within 7 days,2,1,"Google Cloud Storage object timeCreated for Epioxa/Glaukos public facility and provider photo assets; proxy only, not official active date",+18593950952,https://www.danvilleeyecenter.com,Mike Smith
DeCarlo Optometry,"1428 North Kraemer Boulevard, Placentia, CA 92870",Placentia,CA,92870,No,Yes,2026-06-29,,2026-06-29,Facility asset only,2,0,"Google Cloud Storage object timeCreated for Epioxa/Glaukos public facility and provider photo assets; proxy only, not official active date",+17143121455,http://drdecarlo.net,
Desert Vision & Eye Care,"4116 West Craig Road, North Las Vegas, NV 89032",North Las Vegas,NV,89032,No,Yes,2026-06-29,2026-06-29,2026-06-29,Strong: facility/provider asset dates within 7 days,1,1,"Google Cloud Storage object timeCreated for Epioxa/Glaukos public facility and provider photo assets; proxy only, not official active date",+17026238297,https://www.desertvisioneyecare.com/our-practice.html,Stella Lau OD
Diamond Vision Rockville Center,"84 North Park Avenue, Rockville Centre, NY 11570",Rockville Centre,NY,11570,No,Yes,2026-04-15,,2026-04-15,Facility asset only,2,0,"Google Cloud Storage object timeCreated for Epioxa/Glaukos public facility and provider photo assets; proxy only, not official active date",+15168994854,drshanegalan.com,Shane Galan
Dr. Amanda L. Bachman,"455 East Medical Center Boulevard, Webster, TX 77598",Webster,TX,77598,No,Yes,2026-04-30,,2026-04-30,Facility asset only,3,0,"Google Cloud Storage object timeCreated for Epioxa/Glaukos public facility and provider photo assets; proxy only, not official active date",+16188512075,https://www.eyecenteroftexas.com,
Dr. Andrew G. Chong - La Puente Optometry Center,"1641 N Hacienda Blvd., La Puente, CA 91744",La Puente,CA,91744,No,Yes,2026-06-29,,2026-06-29,Facility asset only,1,0,"Google Cloud Storage object timeCreated for Epioxa/Glaukos public facility and provider photo assets; proxy only, not official active date",+16266544067,https://www.drandrewchong.com/,
Dr. Anushka Lewkebandara,"100 Medical Center Boulevard
Suite 118, Conroe, TX 77304",Conroe,TX,77304,No,Yes,2026-04-30,,2026-04-30,Facility asset only,3,0,"Google Cloud Storage object timeCreated for Epioxa/Glaukos public facility and provider photo assets; proxy only, not official active date",+19362203471,eyecenteroftexas.com,
Dr. Julie Ngo - Eye Center of Texas,"6565 West Loop South
suite 650, Bellaire, TX 77401",Bellaire,TX,77401,No,Yes,2026-04-30,,2026-04-30,Facility asset only,3,0,"Google Cloud Storage object timeCreated for Epioxa/Glaukos public facility and provider photo assets; proxy only, not official active date",+18146373224,www.eyecenteroftexas.com,
Dr. Schwartz Optometrist & Associates,"37670 Garfield Road, Clinton Township, MI 48036",Clinton Township,MI,48036,No,Yes,2026-05-18,,2026-05-18,Facility asset only,3,0,"Google Cloud Storage object timeCreated for Epioxa/Glaukos public facility and provider photo assets; proxy only, not official active date",+15863004198,https://www.drschwartzoptometrist.com,
Drs Hiura & Hiura,"1418 Polk Street, San Francisco, CA 94109",San Francisco,CA,94109,No,Yes,2026-06-29,,2026-06-29,Facility asset only,2,0,"Google Cloud Storage object timeCreated for Epioxa/Glaukos public facility and provider photo assets; proxy only, not official active date",+16505824237,https://www.drhiura.com/index.html?noamp,
"Drs McIntyre, Garza, Avila, and Jurica","5488 South Padre Island Drive Suite 2042, Corpus Christi, TX 78411",Corpus Christi,TX,78411,No,Yes,2026-04-30,2026-04-30,2026-04-30,Strong: facility/provider asset dates within 7 days,3,2,"Google Cloud Storage object timeCreated for Epioxa/Glaukos public facility and provider photo assets; proxy only, not official active date",+13614267786,www.cccontacts.com,Dave Browning OD; Amy Mai
"Drs. Farkas, Kassalow, Resnick & Associates","30 East 60th Street, New York, NY 10022",New York,NY,10022,No,Yes,2026-04-21,,2026-04-21,Facility asset only,1,0,"Google Cloud Storage object timeCreated for Epioxa/Glaukos public facility and provider photo assets; proxy only, not official active date",+16693712123,https://www.eyewise.com,Kevin Patrizio
"Drs. Farkas, Kassalow, Resnick & Associates","1044 Northern Boulevard, Roslyn, NY 11576",Roslyn,NY,11576,No,Yes,2026-04-20,2026-04-20,2026-04-20,Strong: facility/provider asset dates within 7 days,1,1,"Google Cloud Storage object timeCreated for Epioxa/Glaukos public facility and provider photo assets; proxy only, not official active date",+15169804800,https://admin.roya.com/sites/Site-96565d85-23d2-4fbf-a953-69d56c2fbdbd/,Kevin Patrizio
Dry Eye Center Of Alabama,"3490 Independence Drive, Birmingham, AL 35209",Birmingham,AL,35209,No,Yes,2026-04-10,,2026-04-10,Facility asset only,1,0,"Google Cloud Storage object timeCreated for Epioxa/Glaukos public facility and provider photo assets; proxy only, not official active date",+12059315546,https://www.dryeyecenterofalabama.com,Bonnie Kim-Schwertz; C. Derrick Franklin OD; Allison McKelvey
Duke Eye Center,"2351 Erwin Rd., Durham, NC 27710",Durham,NC,27710,Yes,No,2026-04-17,2026-04-17,2026-04-17,Strong: facility/provider asset dates within 7 days,3,2,"Google Cloud Storage object timeCreated for Epioxa/Glaukos public facility and provider photo assets; proxy only, not official active date",+19198236739,https://www.dukehealth.org/locations/duke-eye-center,Melissa Daluvoy MD; Anthony Kuo MD; Kourtney Houser MD; C. Ellis Wisely MD; Nick Garson MD
Duke Eye Center Arringdon,"5601 Arringdon Park Drive / Suite 420, Morrisville, NC 27560",Morrisville,NC,27560,Yes,No,2026-04-17,2026-04-17,2026-04-17,Strong: facility/provider asset dates within 7 days,3,2,"Google Cloud Storage object timeCreated for Epioxa/Glaukos public facility and provider photo assets; proxy only, not official active date",+12182976751,https://www.dukehealth.org,Melissa Daluvoy MD; Anthony Kuo MD; Kourtney Houser MD; C. Ellis Wisely MD; Nick Garson MD
East Side Vision Center,"211 South Federal Highway, Pompano Beach, FL 33060",Pompano Beach,FL,33060,No,Yes,2026-06-24,2026-06-24,2026-06-24,Strong: facility/provider asset dates within 7 days,1,1,"Google Cloud Storage object timeCreated for Epioxa/Glaukos public facility and provider photo assets; proxy only, not official active date",+16093260318,eastsidevisionctr.com,Michelle Jhagroo
East Vancouver Eye Care,"6680 Northeast 159th Avenue, Vancouver, WA 98682",Vancouver,WA,98682,No,Yes,2026-06-19,,2026-06-19,Facility asset only,1,0,"Google Cloud Storage object timeCreated for Epioxa/Glaukos public facility and provider photo assets; proxy only, not official active date",+13602301641,https://www.eastvancouvereye.com/,
ECU Health Ophthalmology - Greenville,"9 Medical Drive, Greenville, NC 27834",Greenville,NC,27834,Yes,No,,,,No public asset date available,0,0,"Google Cloud Storage object timeCreated for Epioxa/Glaukos public facility and provider photo assets; proxy only, not official active date",+12527861206,,Ann Ostrovsky
Elevate Eyecare + Eyeware,"1430 North Rochester Road, Rochester Hills, MI 48307",Rochester Hills,MI,48307,No,Yes,,,,No public asset date available,0,0,"Google Cloud Storage object timeCreated for Epioxa/Glaukos public facility and provider photo assets; proxy only, not official active date",+12484796261,https://www.elevateeyemi.com/,
Elite Eye Care,"140 Airport Road, Arden, NC 28704",Arden,NC,28704,No,Yes,2026-06-22,2026-06-22,2026-06-22,Strong: facility/provider asset dates within 7 days,2,2,"Google Cloud Storage object timeCreated for Epioxa/Glaukos public facility and provider photo assets; proxy only, not official active date",+18287215360,visionsource-eliteeye.com,Haley Perry; Casey Krug
Emory Eye Center - Emory St. Joseph's Hospital Campus,"5671 Peachtree Dunwoody Rd. - Doctors Center Bldg 3, Ste. 400, Atlanta, GA 30342",Atlanta,GA,30342,No,Yes,2026-04-15,,2026-04-15,Facility asset only,1,0,"Google Cloud Storage object timeCreated for Epioxa/Glaukos public facility and provider photo assets; proxy only, not official active date",+15313356730,https://www.emoryhealthcare.org/,Boris Severinsky OD
Excel Eye Center - American Fork,"12 North 1100 East, American Fork, UT 84003",American Fork,UT,84003,No,Yes,2026-06-23,2026-06-23,2026-06-23,Strong: facility/provider asset dates within 7 days,2,3,"Google Cloud Storage object timeCreated for Epioxa/Glaukos public facility and provider photo assets; proxy only, not official active date",+16615183509,https://www.exceleyecenter.com/locations/american-fork-eye-care/?utm_source=google%20maps&utm_medium=organic&utm_term=american%20fork,Nathan Lambert; Robert Simmons; Peter Ririe
Excel Eye Center - Lehi,"220 North 1200 East, Lehi, UT 84043",Lehi,UT,84043,No,Yes,2026-06-23,2026-06-19,2026-06-19,Strong: facility/provider asset dates within 7 days,2,5,"Google Cloud Storage object timeCreated for Epioxa/Glaukos public facility and provider photo assets; proxy only, not official active date",+18314329871,https://www.exceleyecenter.com/locations/lehi-eye-care/?utm_source=google%20maps&utm_medium=organic&utm_term=lehi,Justin Wilkinson MD; Nathan Garlick; William Hatch; Austin Woolley; Aaron Smalley
Excel Eye Center - Provo,"1735 North State Street, Provo, UT 84604",Provo,UT,84604,Yes,Yes,2026-06-19,2026-06-19,2026-06-19,Strong: facility/provider asset dates within 7 days,3,6,"Google Cloud Storage object timeCreated for Epioxa/Glaukos public facility and provider photo assets; proxy only, not official active date",+19124553092,https://www.exceleyecenter.com/locations/provo-eye-care/,Justin Wilkinson MD; Austin Woolley; Reese Loveless; Christopher Ricks; Nathan Lambert; Joshua Hansen
Excel Eye Center - Spanish Fork,"692 East Market Place Drive, Suite 101, Spanish Fork, UT 84660",Spanish Fork,UT,84660,No,Yes,2026-06-23,2026-06-23,2026-06-23,Strong: facility/provider asset dates within 7 days,1,6,"Google Cloud Storage object timeCreated for Epioxa/Glaukos public facility and provider photo assets; proxy only, not official active date",+12517325440,https://www.exceleyecenter.com/locations/spanish-fork/,Reese Loveless; Christopher Ricks; Brad Henriksen; Joseph Schmutz; Joshua Hansen; Scott Yeates
Eye Associate for New Mexico Los Lunas,"1603 Main Street St, Los Lunas, NM 87031",Los Lunas,NM,87031,No,Yes,2026-04-21,2026-04-21,2026-04-21,Strong: facility/provider asset dates within 7 days,2,1,"Google Cloud Storage object timeCreated for Epioxa/Glaukos public facility and provider photo assets; proxy only, not official active date",+15058713685,https://www.eyenm.com/locations/los-lunas,Jason Koschmeder
Eye Associates for New Mexico Los Alamos,"1623 Central Ave, Los Alamos, NM 87544",Los Alamos,NM,87544,No,Yes,2026-04-21,2026-04-21,2026-04-21,Strong: facility/provider asset dates within 7 days,2,1,"Google Cloud Storage object timeCreated for Epioxa/Glaukos public facility and provider photo assets; proxy only, not official active date",+15055875935,https://www.eyenm.com/locations/los-alamos,Tim Johnson
Eye Associates for New Mexico Rio Rancho,"1817 Wellspring Avenue Southeast, Rio Rancho, NM 87124",Rio Rancho,NM,87124,No,Yes,2026-04-21,,2026-04-21,Facility asset only,2,0,"Google Cloud Storage object timeCreated for Epioxa/Glaukos public facility and provider photo assets; proxy only, not official active date",+15056365399,https://www.eyenm.com/locations/rio-rancho,
Eye Associates for New Mexico Roswell,"1606 Southeast Main Street, Roswell, NM 88203",Roswell,NM,88203,No,Yes,2026-04-21,2026-04-21,2026-04-21,Strong: facility/provider asset dates within 7 days,1,1,"Google Cloud Storage object timeCreated for Epioxa/Glaukos public facility and provider photo assets; proxy only, not official active date",+15752214539,,Andrew Murphy OD
Eye Associates for NM Santa Fe-Southside,"8380 Cerrillos Road, Santa Fe, NM 87507",Santa Fe,NM,87507,No,Yes,2026-04-21,2026-04-21,2026-04-21,Strong: facility/provider asset dates within 7 days,2,2,"Google Cloud Storage object timeCreated for Epioxa/Glaukos public facility and provider photo assets; proxy only, not official active date",+15053703634,https://www.eyenm.com/locations/santa-fe-southside,Erin Byrne; Julia coulter
Eye Associates Northwest - Ballard,"1455 Northwest Leary Way, Seattle, WA 98107",Seattle,WA,98107,No,Yes,2026-07-09,,2026-07-09,Facility asset only,1,0,"Google Cloud Storage object timeCreated for Epioxa/Glaukos public facility and provider photo assets; proxy only, not official active date",+12065586758,,
Eye Associates of New Mexico,"5757 Harper Drive NE, Albuquerque, NM 87109",Albuquerque,NM,87109,Yes,Yes,2026-04-17,,2026-04-17,Facility asset only,3,0,"Google Cloud Storage object timeCreated for Epioxa/Glaukos public facility and provider photo assets; proxy only, not official active date",+15053701666,https://www.eyenm.com,Kenneth Himmel
Eye Care and Laser Surgery of Newton Wellesley,"40 Walnut Street, Suite 101, Wellesley, MA 02481",Wellesley,MA,02481,Yes,No,2026-04-15,2026-04-22,2026-04-15,Strong: facility/provider asset dates within 7 days,2,1,"Google Cloud Storage object timeCreated for Epioxa/Glaukos public facility and provider photo assets; proxy only, not official active date",+19786166375,https://eyecareandlasersurgery.com/key-service/crosslinking/,Marc Leibole MD
Eye Care Associates,"1800 Data Drive, Hoover, AL 35244",Hoover,AL,35244,No,Yes,2026-05-12,2026-05-12,2026-05-12,Strong: facility/provider asset dates within 7 days,3,2,"Google Cloud Storage object timeCreated for Epioxa/Glaukos public facility and provider photo assets; proxy only, not official active date",+12053015240,webeca.com,Christine White; Ashley Savage; Barry Curtis; Lynn Hammonds
Eye Care Center of Ocala,"5330 Southwest College Road, Ocala, FL 34474",Ocala,FL,34474,No,Yes,2026-05-14,2026-05-14,2026-05-14,Strong: facility/provider asset dates within 7 days,2,1,"Google Cloud Storage object timeCreated for Epioxa/Glaukos public facility and provider photo assets; proxy only, not official active date",+13526074545,https://www.eyecarecenterofocala.com/?utm_source=direct&utm_medium=direct&utm_content=dr_page-view_dr,Rebecca Geering
Eye Care of San Diego,"3939 3rd Ave, San Diego, CA 92103",San Diego,CA,92103,No,Yes,2026-06-30,,2026-06-30,Facility asset only,2,0,"Google Cloud Storage object timeCreated for Epioxa/Glaukos public facility and provider photo assets; proxy only, not official active date",+17753178987,https://www.eyecareofsandiego.com/,
Eye Center of Texas Bellaire Tx,"6565 West Loop S, Bellaire, TX 77401",Bellaire,TX,77401,Yes,Yes,2026-04-30,2026-04-30,2026-04-30,Strong: facility/provider asset dates within 7 days,3,4,"Google Cloud Storage object timeCreated for Epioxa/Glaukos public facility and provider photo assets; proxy only, not official active date",+19146044180,www.eyecenteroftexas.com,Yasir Ahmed; Julie Ngo; Jill Autry; Amanda Bachman
Eye Co,"1001 West 5th Avenue, Columbus, OH 43212",Columbus,OH,43212,No,Yes,2026-06-30,2026-06-30,2026-06-30,Strong: facility/provider asset dates within 7 days,1,1,"Google Cloud Storage object timeCreated for Epioxa/Glaukos public facility and provider photo assets; proxy only, not official active date",+12344075392,ohioeyeco.com,Natalie Nguyen
Eye Consultants and Surgeons of Arizona,"1215 West Rio Salado Parkway /Suite 101, Tempe, AZ 85281",Tempe,AZ,85281,Yes,Yes,2026-04-17,2026-04-17,2026-04-17,Strong: facility/provider asset dates within 7 days,1,2,"Google Cloud Storage object timeCreated for Epioxa/Glaukos public facility and provider photo assets; proxy only, not official active date",+14807716133,www.eyecsa.com,Jon Konti; Derek Phelps
Eye Consultants of Atlanta - Cumberland,"3225 Cumberland Blvd SE Ste 900, Atlanta, GA 30339",Atlanta,GA,30339,Yes,No,2026-04-09,,2026-04-09,Facility asset only,2,0,"Google Cloud Storage object timeCreated for Epioxa/Glaukos public facility and provider photo assets; proxy only, not official active date",+16067551745,http://www.eyeconsultants.net/traditional-cornea-transplant.htm,William Lee MD; Evan Loft MD; Hans Andrews
Eye Consultants of Atlanta - Howell Mill,"3193 Howell Mill Rd NW / Ste 115, Atlanta, GA 30327",Atlanta,GA,30327,Yes,No,2026-04-08,,2026-04-08,Facility asset only,2,0,"Google Cloud Storage object timeCreated for Epioxa/Glaukos public facility and provider photo assets; proxy only, not official active date",+14043344874,,Joseph Christenbury
Eye Design,"7801 Old Branch Avenue, Clinton, MD 20735",Clinton,MD,20735,No,Yes,2026-07-07,,2026-07-07,Facility asset only,1,0,"Google Cloud Storage object timeCreated for Epioxa/Glaukos public facility and provider photo assets; proxy only, not official active date",+12409055892,https://www.eyedesigneyecare.com/,
Eye Group of Mississippi,"501 Baptist Drive / Suite 220 / Eye Group, Madison, MS 39110",Madison,MS,39110,Yes,No,2026-06-24,,2026-06-24,Facility asset only,1,0,"Google Cloud Storage object timeCreated for Epioxa/Glaukos public facility and provider photo assets; proxy only, not official active date",+16018432478,https://www.eyegroupms.com/,
Eye Institute of Utah,"755 East 3900 South, Salt Lake City, UT 84107",Salt Lake City,UT,84107,Yes,Yes,2026-04-09,,2026-04-09,Facility asset only,2,0,"Google Cloud Storage object timeCreated for Epioxa/Glaukos public facility and provider photo assets; proxy only, not official active date",+18014210698,,"Samuel Passi MD; Zachary Zavodni MD; Randy Carter OD, FAAO; Stephanie Nahhas OD; Sean Cushman OD, FAAO"
Eye Lite Optometry,"286 State Street, Los Altos, CA 94022",Los Altos,CA,94022,No,Yes,2026-05-05,,2026-05-05,Facility asset only,2,0,"Google Cloud Storage object timeCreated for Epioxa/Glaukos public facility and provider photo assets; proxy only, not official active date",+16507896057,www.eyeliteoptometry.com,
Eye Medical Center,"7777 Hennessey Blvd, Baton Rouge, LA 70808",Baton Rouge,LA,70808,Yes,No,2026-06-24,,2026-06-24,Facility asset only,2,0,"Google Cloud Storage object timeCreated for Epioxa/Glaukos public facility and provider photo assets; proxy only, not official active date",+12253511978,https://emc-eyes.com/,
Eye Q Optical,"Stirling Road, Pembroke Pines, FL 33332",Pembroke Pines,FL,33332,No,Yes,2026-06-30,2026-06-30,2026-06-30,Strong: facility/provider asset dates within 7 days,2,1,"Google Cloud Storage object timeCreated for Epioxa/Glaukos public facility and provider photo assets; proxy only, not official active date",+19542805901,https://youreyeq.com/,Wafa Abdulrazzaq
Eye Rx Washington DC,"1629 K Street Northwest, Washington, DC 20006",Washington,DC,20006,No,Yes,2026-07-07,,2026-07-07,Facility asset only,2,0,"Google Cloud Storage object timeCreated for Epioxa/Glaukos public facility and provider photo assets; proxy only, not official active date",+15715762186,https://www.eyerxdc.com/?utm_source=google&utm_medium=organic&utm_campaign=gbp&utm_content=website_link,
Eye Specialists & Surgeons of Northern Virginia,"3998 Fair Ridge Dr. - Suite 105, Fairfax, VA 22033",Fairfax,VA,22033,Yes,Yes,2026-07-08,,2026-07-08,Facility asset only,2,0,"Google Cloud Storage object timeCreated for Epioxa/Glaukos public facility and provider photo assets; proxy only, not official active date",+15715408536,http://eyespecialistsnova.com/services/#cornea,
Eyecare Associates,"4324 Veterans Memorial Blvd / Ste 102, Metairie, LA 70006",Metairie,LA,70006,Yes,Yes,2026-04-09,,2026-04-09,Facility asset only,2,0,"Google Cloud Storage object timeCreated for Epioxa/Glaukos public facility and provider photo assets; proxy only, not official active date",+15042693895,,Melissa Centola; Nicole Songy OD
Eyecare Associates,"702 West Drake Road, Fort Collins, CO 80526",Fort Collins,CO,80526,No,Yes,2026-05-13,2026-05-13,2026-05-13,Strong: facility/provider asset dates within 7 days,2,1,"Google Cloud Storage object timeCreated for Epioxa/Glaukos public facility and provider photo assets; proxy only, not official active date",+19705727981,https://www.eyecarefortcollins.com,Jaclyn DeHayes-Rice
EyeCare Associates/Huntsville,"600 Washington Street Northwest, Huntsville, AL 35801",Huntsville,AL,35801,No,Yes,,,,No public asset date available,0,0,"Google Cloud Storage object timeCreated for Epioxa/Glaukos public facility and provider photo assets; proxy only, not official active date",+12566029595,https://www.webeca.com/,Benjamin Pendergrass OD; Nathan Cash
Eyecare Center of Ken Caryl,"8321 Sangre De Cristo Road, Littleton, CO 80127",Littleton,CO,80127,No,Yes,2026-04-21,2026-04-21,2026-04-21,Strong: facility/provider asset dates within 7 days,2,2,"Google Cloud Storage object timeCreated for Epioxa/Glaukos public facility and provider photo assets; proxy only, not official active date",+18142507540,https://eyecarekencaryl.com,Beth Seidman; Catherine Goettge
Eyediology Vision,"245 Waterman Street, Providence, RI 02906",Providence,RI,02906,No,Yes,2026-04-22,2026-04-22,2026-04-22,Strong: facility/provider asset dates within 7 days,4,1,"Google Cloud Storage object timeCreated for Epioxa/Glaukos public facility and provider photo assets; proxy only, not official active date",+14014206704,,Kriti Bhagat
EyeMax Eye Care,"166 East 5900 South, Murray, UT 84107",Murray,UT,84107,No,Yes,2026-05-07,2026-05-07,2026-05-07,Strong: facility/provider asset dates within 7 days,3,2,"Google Cloud Storage object timeCreated for Epioxa/Glaukos public facility and provider photo assets; proxy only, not official active date",+18166534877,https://www.eyemaxeyecare.com,Joseph Martin; Nazanin Galehdari OD
Eyesight Ophthalmic Services,"155 Borthwick Ave / Suite 200E, Portsmouth, NH 03801",Portsmouth,NH,03801,Yes,Yes,2026-05-29,2026-05-29,2026-05-29,Strong: facility/provider asset dates within 7 days,3,7,"Google Cloud Storage object timeCreated for Epioxa/Glaukos public facility and provider photo assets; proxy only, not official active date",+16036348099,https://www.eyesightnh.com/keratoconus,Janet Rand OD; Renee Lynch OD; Dwight Arvidson OD; Christopher Turner OD; Lauren Mcloughlin OD; N. Timothy Peters MD; Jennifer Ling MD
Eyesight Ophthalmic Services,"192 Water Street, Exeter, NH 03833",Exeter,NH,03833,No,Yes,2026-06-05,2026-05-29,2026-05-29,Strong: facility/provider asset dates within 7 days,2,2,"Google Cloud Storage object timeCreated for Epioxa/Glaukos public facility and provider photo assets; proxy only, not official active date",+14783395277,https://www.eyesightnh.com,Christopher Turner OD; Renee Lynch OD
Eyesight Ophthalmic Services,"267 New Hampshire 108, Somersworth, NH 03878",Somersworth,NH,03878,No,Yes,2026-06-02,2026-05-29,2026-05-29,Strong: facility/provider asset dates within 7 days,4,3,"Google Cloud Storage object timeCreated for Epioxa/Glaukos public facility and provider photo assets; proxy only, not official active date",+12398372378,https://www.eyesightnh.com,Lauren Mcloughlin OD; Hilary Hamer OD; Dwight Arvidson OD
Faisal Haq,"3060 Communications Parkway, Plano, TX 75093",Plano,TX,75093,No,Yes,2026-05-14,2026-05-14,2026-05-14,Strong: facility/provider asset dates within 7 days,1,1,"Google Cloud Storage object timeCreated for Epioxa/Glaukos public facility and provider photo assets; proxy only, not official active date",+17622139968,https://keywhitman.com/locations/plano/,Faisal Haq
Focal Point Eyecare Fresh Meadows,"186-14 Union Turnpike, Queens, NY 11432",Queens,NY,11432,No,Yes,2026-06-22,2026-06-22,2026-06-22,Strong: facility/provider asset dates within 7 days,1,1,"Google Cloud Storage object timeCreated for Epioxa/Glaukos public facility and provider photo assets; proxy only, not official active date",+15165852964,https://focalpointeyecareny.com/,Sigalit Davidov
Forever You and Eye,"12400 Southeast 38th Street, Bellevue, WA 98006",Bellevue,WA,98006,No,Yes,2026-07-09,,2026-07-09,Facility asset only,1,0,"Google Cloud Storage object timeCreated for Epioxa/Glaukos public facility and provider photo assets; proxy only, not official active date",+19382014594,https://www.foreveryouneye.com/,
Franklin Vision Care,"141 1st Avenue North, Franklin, TN 37064",Franklin,TN,37064,No,Yes,2026-07-09,2026-07-09,2026-07-09,Strong: facility/provider asset dates within 7 days,2,1,"Google Cloud Storage object timeCreated for Epioxa/Glaukos public facility and provider photo assets; proxy only, not official active date",+16157095949,https://www.franklinvisioncare.com/,Annedrea Morreale
Friedman Optometry,"10837 Laurel Street
Suite 202, Rancho Cucamonga, CA 91730",Rancho Cucamonga,CA,91730,No,Yes,2026-06-15,,2026-06-15,Facility asset only,3,0,"Google Cloud Storage object timeCreated for Epioxa/Glaukos public facility and provider photo assets; proxy only, not official active date",+19097740322,https://www.friedmanoptometry.com,
Friedman Optometry,"2150 North Waterman Avenue
Suite 201, San Bernardino, CA 92404",San Bernardino,CA,92404,No,Yes,2026-06-29,,2026-06-29,Facility asset only,1,0,"Google Cloud Storage object timeCreated for Epioxa/Glaukos public facility and provider photo assets; proxy only, not official active date",+19094036847,www.friedmanoptometry.com,
Front Range Eye Associates,"13605 Xavier Lane, Broomfield, CO 80023",Broomfield,CO,80023,No,Yes,2026-04-22,2026-04-22,2026-04-22,Strong: facility/provider asset dates within 7 days,3,1,"Google Cloud Storage object timeCreated for Epioxa/Glaukos public facility and provider photo assets; proxy only, not official active date",+17157028664,https://visionsource-frea.com/,Carrie Burleson
Fuerst Eye Center,"1808 Verdugo Blvd / Suite 103, Glendale, CA 91208",Glendale,CA,91208,Yes,No,2026-06-23,,2026-06-23,Facility asset only,2,0,"Google Cloud Storage object timeCreated for Epioxa/Glaukos public facility and provider photo assets; proxy only, not official active date",+15103196052,https://www.fuersteyemd.com,
Georgetown University Medical Center,"3800 Reservoir Road NW, Washington, DC 20007",Washington,DC,20007,Yes,No,2026-07-08,,2026-07-08,Facility asset only,1,0,"Google Cloud Storage object timeCreated for Epioxa/Glaukos public facility and provider photo assets; proxy only, not official active date",+16188457448,https://www.medstarhealth.org/locations/medstar-georgetown-university-hospital?utm_campaign=mhs_citations&utm_medium=listing&utm_source=citation_management&utm_term=hospital,
Georgia Eye Associates,"3120 Maple Drive Northeast, Atlanta, GA 30305",Atlanta,GA,30305,No,Yes,2026-04-09,,2026-04-09,Facility asset only,2,0,"Google Cloud Storage object timeCreated for Epioxa/Glaukos public facility and provider photo assets; proxy only, not official active date",+14048825471,https://www.georgiaeyeassociates.com/,Jeremy Chartash; Brian Kahn; Ye Ji Kim
Georgia Eye Associates - Lawrenceville,"771 Old Norcross Road, Lawrenceville, GA 30046",Lawrenceville,GA,30046,No,Yes,2026-04-08,,2026-04-08,Facility asset only,2,0,"Google Cloud Storage object timeCreated for Epioxa/Glaukos public facility and provider photo assets; proxy only, not official active date",+17707583793,,Frank Winski
Georgia Eye Center,"4135 Lavista Road Suite 100, Tucker, GA 30084",Tucker,GA,30084,No,Yes,2026-04-10,,2026-04-10,Facility asset only,1,0,"Google Cloud Storage object timeCreated for Epioxa/Glaukos public facility and provider photo assets; proxy only, not official active date",+17705254080,https://georgiaeyecenter.net/,Kyle Jones OD
Georgia Eye Partners - Northside,"1100 Johnson Ferry Rd NE, Atlanta, GA 30342",Atlanta,GA,30342,Yes,Yes,2026-04-09,,2026-04-09,Facility asset only,1,0,"Google Cloud Storage object timeCreated for Epioxa/Glaukos public facility and provider photo assets; proxy only, not official active date",+16067551678,www.gaeyepartners.com,Andrew Feinberg MD; Josh Johnston OD; Anar Maurya OD; Evan Schoenberg MD; Nichelle Warren; Sarah Bassett
Georgia Eye Partners - Woodstock,"120 Stone Bridge Pkwy, Woodstock, GA 30189",Woodstock,GA,30189,Yes,Yes,2026-04-09,,2026-04-09,Facility asset only,2,0,"Google Cloud Storage object timeCreated for Epioxa/Glaukos public facility and provider photo assets; proxy only, not official active date",+16064882901,https://www.gaeyepartners.com/,Amber Zaunbrecher; Evan Schoenberg
Gig Harbor Eye Care,"4949 Borgen Boulevard, Gig Harbor, WA 98332",Gig Harbor,WA,98332,No,Yes,2026-04-28,,2026-04-28,Facility asset only,1,0,"Google Cloud Storage object timeCreated for Epioxa/Glaukos public facility and provider photo assets; proxy only, not official active date",+12536451246,https://www.gigharboreye.com/,
Good Life Eyecare,"15655 Pacific Street, Omaha, NE 68118",Omaha,NE,68118,No,Yes,2026-04-23,,2026-04-23,Facility asset only,1,0,"Google Cloud Storage object timeCreated for Epioxa/Glaukos public facility and provider photo assets; proxy only, not official active date",+14027714329,https://goodlifeeyecare.com/about-us/kyle-d-klute-o-d/,Kyle Klute OD
Gordon Schanzlin New Vision Institute,"4130 La Jolla Village Drive / Ste 300, La Jolla, CA 92037",La Jolla,CA,92037,Yes,Yes,2026-06-30,,2026-06-30,Facility asset only,2,0,"Google Cloud Storage object timeCreated for Epioxa/Glaukos public facility and provider photo assets; proxy only, not official active date",+18585442112,https://www.gwsvision.com/,
Gretna Eye & Aesthetics,"814 Village Square, Gretna, NE 68028",Gretna,NE,68028,No,Yes,2026-05-26,2026-05-26,2026-05-26,Strong: facility/provider asset dates within 7 days,2,1,"Google Cloud Storage object timeCreated for Epioxa/Glaukos public facility and provider photo assets; proxy only, not official active date",+14025435621,https://gretnaeye.com,Cheryl Chapman FIAOMC FAAO DIPL ABO Orthokeratologist
Grin Eye Care,"21020 W 151st Street, Olathe, KS 66061",Olathe,KS,66061,Yes,Yes,2026-04-15,,2026-04-15,Facility asset only,2,0,"Google Cloud Storage object timeCreated for Epioxa/Glaukos public facility and provider photo assets; proxy only, not official active date",+19133474910,www.grineyecare.com,"Jeff Wongskhaluang MD; Emily Enright; Carl Kramer OD, FAAO, FSLS"
Grin Eye Care Leawood Kansas,"13400 Briar Street, Leawood, KS 66209",Leawood,KS,66209,No,Yes,2026-05-11,2026-05-11,2026-05-11,Strong: facility/provider asset dates within 7 days,1,4,"Google Cloud Storage object timeCreated for Epioxa/Glaukos public facility and provider photo assets; proxy only, not official active date",+19135133954,https://www.grineyecare.com,Jamie McGowan OD; Jeffry Gerson OD; Breanne Niebuhr OD; Hannah Fann OD
Gulfcoast Eye Center,"2940 South Tamiami Trail, Sarasota, FL 34239",Sarasota,FL,34239,No,Yes,2026-06-29,,2026-06-29,Facility asset only,2,0,"Google Cloud Storage object timeCreated for Epioxa/Glaukos public facility and provider photo assets; proxy only, not official active date",+19412393948,https://www.gulfcoasteyecenter.com/,
Heartland Eye Care,"619 Southwest Corporate View, Topeka, KS 66615",Topeka,KS,66615,No,Yes,2026-06-29,,2026-06-29,Facility asset only,1,0,"Google Cloud Storage object timeCreated for Epioxa/Glaukos public facility and provider photo assets; proxy only, not official active date",+17856294929,http://www.heartlandeyetopeka.com/,
Henry Vision Center,"3564 Georgia 138, Stockbridge, GA 30281",Stockbridge,GA,30281,No,Yes,2026-04-28,2026-04-28,2026-04-28,Strong: facility/provider asset dates within 7 days,3,1,"Google Cloud Storage object timeCreated for Epioxa/Glaukos public facility and provider photo assets; proxy only, not official active date",+19385296959,www.henryvision.net,Nickson Henry
Highland Optometry,"216 New York 299, Highland, NY 12528",Highland,NY,12528,No,Yes,2026-06-19,2026-06-18,2026-06-18,Strong: facility/provider asset dates within 7 days,2,1,"Google Cloud Storage object timeCreated for Epioxa/Glaukos public facility and provider photo assets; proxy only, not official active date",+18455391406,https://drbywater.com/,Mike Bywater
Hillcrest Vision,"2341 Winterhaven Lane, Winston-Salem, NC 27103",Winston-Salem,NC,27103,No,Yes,2026-04-23,,2026-04-23,Facility asset only,2,0,"Google Cloud Storage object timeCreated for Epioxa/Glaukos public facility and provider photo assets; proxy only, not official active date",+13368101156,www.hillcrestvision..com,Juwanna Hall OD
Holzman Laser Vision,"8401 Greensboro Drive, McLean, VA 22102",McLean,VA,22102,Yes,No,2026-06-05,,2026-06-05,Facility asset only,2,0,"Google Cloud Storage object timeCreated for Epioxa/Glaukos public facility and provider photo assets; proxy only, not official active date",+18039903273,https://www.drholzman.com,
Hoopes Vision,"11820 S. State St., Draper, UT 84020",Draper,UT,84020,Yes,Yes,2026-04-08,2026-04-09,2026-04-08,Strong: facility/provider asset dates within 7 days,4,9,"Google Cloud Storage object timeCreated for Epioxa/Glaukos public facility and provider photo assets; proxy only, not official active date",+18014577346,,Michael Bradley MD; Steven Linn OD; Majid Moshirfar MD; Weston Barney OD; Benjamin Buckner MD; Bryan Frandsen OD; David Parkinson OD; Renee McIntosh OD; Kirk Drennan OD; Tim Melton OD
Horizon Eye Specialists & Lasik Center,"18325 N Allied Way / Suite 100, Phoenix, AZ 85054",Phoenix,AZ,85054,Yes,Yes,2026-04-17,2026-04-17,2026-04-17,Strong: facility/provider asset dates within 7 days,3,2,"Google Cloud Storage object timeCreated for Epioxa/Glaukos public facility and provider photo assets; proxy only, not official active date",+17177460475,http://www.horizonlaservision.com/corneal-transplantation.html,Josh Duncan MD; John Cason
Illinois Eye Institute,"3241 South Michigan Avenue, Chicago, IL 60616",Chicago,IL,60616,No,Yes,2026-04-15,,2026-04-15,Facility asset only,3,0,"Google Cloud Storage object timeCreated for Epioxa/Glaukos public facility and provider photo assets; proxy only, not official active date",+13126672707,https://www.illinoiseyeinstitute.org/,Jennifer Harthan; Lindsay Sicks; Diana Masolak; Pamela Boyce; Matthew McGee; Elyse Chaglasion; Louis Sclafani; William Skoog
In Focus: Scleral & Specialty Contact lense Soolutions,"East 2nd Street, Scottsdale, AZ 85251",Scottsdale,AZ,85251,No,Yes,2026-07-10,2026-07-10,2026-07-10,Strong: facility/provider asset dates within 7 days,2,2,"Google Cloud Storage object timeCreated for Epioxa/Glaukos public facility and provider photo assets; proxy only, not official active date",+14244953751,office@youreyesinfocus.com,Caitlin Morrison; Kaci Oldroyd OD
Inlet Eye Associates,"640 Morse Avenue, Murrells Inlet, SC 29576",Murrells Inlet,SC,29576,No,Yes,2026-06-30,2026-06-30,2026-06-30,Strong: facility/provider asset dates within 7 days,2,1,"Google Cloud Storage object timeCreated for Epioxa/Glaukos public facility and provider photo assets; proxy only, not official active date",+18436041059,visionsource-seas.com,Joseph Ledford
Insight Eyecare Center,"2290 Kipling Street, Lakewood, CO 80215",Lakewood,CO,80215,No,Yes,2026-06-11,,2026-06-11,Facility asset only,4,0,"Google Cloud Storage object timeCreated for Epioxa/Glaukos public facility and provider photo assets; proxy only, not official active date",+13367698496,https://insighteyecarecenter.net/,
Insight Eyecare Center,"7335 South Pierce Street, Littleton, CO 80128",Littleton,CO,80128,No,Yes,2026-06-11,,2026-06-11,Facility asset only,3,0,"Google Cloud Storage object timeCreated for Epioxa/Glaukos public facility and provider photo assets; proxy only, not official active date",+14788887423,www.insighteyecarecenter.net,
Insight Vision Optometry,"3151 Airway Ave. Ste. M3, Costa Mesa, CA 92626",Costa Mesa,CA,92626,No,Yes,2026-07-09,,2026-07-09,Facility asset only,2,0,"Google Cloud Storage object timeCreated for Epioxa/Glaukos public facility and provider photo assets; proxy only, not official active date",+17148441883,https://www.insightvisionoc.com/,
Inverness Eye Care,"258 Inverness Center Drive, Birmingham, AL 35242",Birmingham,AL,35242,No,Yes,2026-04-21,2026-04-21,2026-04-21,Strong: facility/provider asset dates within 7 days,3,1,"Google Cloud Storage object timeCreated for Epioxa/Glaukos public facility and provider photo assets; proxy only, not official active date",+12057073438,invernesseyecare.com,Timothy Ansley
InVision Eye Health,"10835 South 700 East, Sandy, UT 84070",Sandy,UT,84070,No,Yes,2026-06-02,2026-06-02,2026-06-02,Strong: facility/provider asset dates within 7 days,3,3,"Google Cloud Storage object timeCreated for Epioxa/Glaukos public facility and provider photo assets; proxy only, not official active date",+17432196654,https://www.invisioneye.com,Christopher Snow OD; Brenden White OD; Ashley Craven OD
Jenkins Eye Care,"615 Pilkoi St, Honolulu, HI 96814",Honolulu,HI,96814,Yes,No,2026-06-29,,2026-06-29,Facility asset only,1,0,"Google Cloud Storage object timeCreated for Epioxa/Glaukos public facility and provider photo assets; proxy only, not official active date",+18084312046,http://https://jenkinseyecare.com/,
"John P. Frangie, MD","274 Westfield St., West Springfield, MA 01089",West Springfield,MA,01089,Yes,Yes,2026-04-09,,2026-04-09,Facility asset only,1,0,"Google Cloud Storage object timeCreated for Epioxa/Glaukos public facility and provider photo assets; proxy only, not official active date",+14133006351,http://www.johnfrangiemd.com/our-services/keratoconus/,
Kapolei Eye Care,"511 Manawai St #401, Kapolei, HI 96707",Kapolei,HI,96707,No,Yes,2026-04-29,,2026-04-29,Facility asset only,1,0,"Google Cloud Storage object timeCreated for Epioxa/Glaukos public facility and provider photo assets; proxy only, not official active date",+18088089015,https://www.kapoleieyecare.com,
Kerri Svanda,"1231 116th Avenue Northeast Suite 450, Bellevue, WA 98004",Bellevue,WA,98004,No,Yes,2026-04-27,,2026-04-27,Facility asset only,1,0,"Google Cloud Storage object timeCreated for Epioxa/Glaukos public facility and provider photo assets; proxy only, not official active date",+14255347984,,
Ketchum Health,"5460 East La Palma Avenue, Anaheim, CA 92807",Anaheim,CA,92807,No,Yes,2026-06-29,,2026-06-29,Facility asset only,1,0,"Google Cloud Storage object timeCreated for Epioxa/Glaukos public facility and provider photo assets; proxy only, not official active date",+17148745527,https://ketchumhealth.org/anaheim,
Key Whitman,"11442 North Central Expressway, Dallas, TX 75243",Dallas,TX,75243,Yes,Yes,2026-04-21,,2026-04-21,Facility asset only,2,0,"Google Cloud Storage object timeCreated for Epioxa/Glaukos public facility and provider photo assets; proxy only, not official active date",+12183187834,,julio Albarracin; Amanda Hoelscher Mrs.; Todd Agnew
Key Whitman,"11445 Dallas Parkway, Frisco, TX 75033",Frisco,TX,75033,No,Yes,2026-05-19,2026-05-19,2026-05-19,Strong: facility/provider asset dates within 7 days,1,1,"Google Cloud Storage object timeCreated for Epioxa/Glaukos public facility and provider photo assets; proxy only, not official active date",+14177644757,www.keywhitman.com,Joshua Heczko
Key Whitman,"11445 Dallas Parkway, Frisco, TX 75033",Frisco,TX,75033,No,Yes,2026-05-19,2026-05-19,2026-05-19,Strong: facility/provider asset dates within 7 days,1,1,"Google Cloud Storage object timeCreated for Epioxa/Glaukos public facility and provider photo assets; proxy only, not official active date",+18176860218,www.keywhitman.com,Julio Albarracin
Key Whitman,"3400 North Tarrant Parkway, Fort Worth, TX 76177",Fort Worth,TX,76177,No,Yes,2026-05-19,2026-05-19,2026-05-19,Strong: facility/provider asset dates within 7 days,1,1,"Google Cloud Storage object timeCreated for Epioxa/Glaukos public facility and provider photo assets; proxy only, not official active date",+18178099069,www.keywhitman.com,Mingi Choi
Key Whitman,"6208 Colleyville Boulevard, Colleyville, TX 76034",Colleyville,TX,76034,No,Yes,2026-05-19,2026-05-19,2026-05-19,Strong: facility/provider asset dates within 7 days,1,1,"Google Cloud Storage object timeCreated for Epioxa/Glaukos public facility and provider photo assets; proxy only, not official active date",+18176469688,www.keywhitman.com,Jimmy Tran
Key Whitman,"910 North Davis Drive, Arlington, TX 76012",Arlington,TX,76012,No,Yes,2026-05-19,2026-05-18,2026-05-18,Strong: facility/provider asset dates within 7 days,1,1,"Google Cloud Storage object timeCreated for Epioxa/Glaukos public facility and provider photo assets; proxy only, not official active date",+18176872387,www.keywhitman.com,Ronald Barke
Kovach Eye Institute,"100 West Higgins Road, South Barrington, IL 60010",South Barrington,IL,60010,No,Yes,2026-04-29,2026-04-29,2026-04-29,Strong: facility/provider asset dates within 7 days,1,3,"Google Cloud Storage object timeCreated for Epioxa/Glaukos public facility and provider photo assets; proxy only, not official active date",+16307578312,,Mateen AliNiazee; Kevin Kovach; Marius Gradianu
Kovach Eye Institute,"152 N Addison Ave, Elmhurst, IL 60126",Elmhurst,IL,60126,No,Yes,2026-04-29,2026-04-29,2026-04-29,Strong: facility/provider asset dates within 7 days,1,3,"Google Cloud Storage object timeCreated for Epioxa/Glaukos public facility and provider photo assets; proxy only, not official active date",+16307934669,https://www.kovacheye.com/types-of-services/,Kevin Kovach; Mateen AliNiazee; Marius Gradianu
Kovach Eye Institute,"1960 Springbrook Square Drive, Naperville, IL 60564",Naperville,IL,60564,No,Yes,2026-04-29,2026-04-29,2026-04-29,Strong: facility/provider asset dates within 7 days,1,3,"Google Cloud Storage object timeCreated for Epioxa/Glaukos public facility and provider photo assets; proxy only, not official active date",+16308350332,,Kevin Kovach; Marius Gradianu; Mateen AliNiazee
Kovach Eye Institute,"7250 North Cicero Avenue, Lincolnwood, IL 60712",Lincolnwood,IL,60712,No,Yes,2026-04-29,2026-04-29,2026-04-29,Strong: facility/provider asset dates within 7 days,1,3,"Google Cloud Storage object timeCreated for Epioxa/Glaukos public facility and provider photo assets; proxy only, not official active date",+16306268882,,Mateen AliNiazee; Marius Gradianu; Kevin Kovach
Kraff Eye Institute,"25 East Washington St / Ste 606, Chicago, IL 60602",Chicago,IL,60602,Yes,Yes,,2026-04-06,2026-04-06,Provider asset only,0,3,"Google Cloud Storage object timeCreated for Epioxa/Glaukos public facility and provider photo assets; proxy only, not official active date",+17407373799,http://kraffeye.com/all-procedures/,Colman Kraff MD; Elizabeth Wickware; Christopher Pereira
LA Sight,"11600 Wilshire Blvd / Suite 200, Los Angeles, CA 90025",Los Angeles,CA,90025,Yes,No,2026-07-10,,2026-07-10,Facility asset only,1,0,"Google Cloud Storage object timeCreated for Epioxa/Glaukos public facility and provider photo assets; proxy only, not official active date",+15625340288,http://www.la-sight.com/problem-solving/collagen-cross-linking,
Laser Eye Surgery of Erie,"311 West 24th St, Erie, PA 16502",Erie,PA,16502,Yes,Yes,2026-07-01,2026-07-01,2026-07-01,Strong: facility/provider asset dates within 7 days,1,1,"Google Cloud Storage object timeCreated for Epioxa/Glaukos public facility and provider photo assets; proxy only, not official active date",+18144845576,https://www.erielasereye.com/,Robert Haverly MD
LensCrafters- Belmar,"7151 West Alaska Drive, Lakewood, CO 80226",Lakewood,CO,80226,No,Yes,2026-06-22,,2026-06-22,Facility asset only,2,0,"Google Cloud Storage object timeCreated for Epioxa/Glaukos public facility and provider photo assets; proxy only, not official active date",+17756189723,https://local.lenscrafters.com/co/lakewood/7151-w-alaska-dr.html?cid=yext_0350&y_source=1_MTIxMDM3MC03MTUtbG9jYXRpb24ud2Vic2l0ZQ%3D%3D,
LensCrafters- Cherry Creek,"3000 East 1st Avenue, Denver, CO 80206",Denver,CO,80206,No,Yes,2026-06-22,2026-06-22,2026-06-22,Strong: facility/provider asset dates within 7 days,1,1,"Google Cloud Storage object timeCreated for Epioxa/Glaukos public facility and provider photo assets; proxy only, not official active date",+16206991823,https://local.lenscrafters.com/co/denver/3000-e-1st-ave.html,Dan Hoover
Leonard-Bennett Optometry,"14425 Chase Street, Los Angeles, CA 91402",Los Angeles,CA,91402,No,Yes,2026-06-22,,2026-06-22,Facility asset only,1,0,"Google Cloud Storage object timeCreated for Epioxa/Glaukos public facility and provider photo assets; proxy only, not official active date",,https://www.drbleonard.com/,
Limestone Eye Care,"4320 West 6th Street, Lawrence, KS 66049",Lawrence,KS,66049,No,Yes,2026-06-23,2026-06-23,2026-06-23,Strong: facility/provider asset dates within 7 days,2,1,"Google Cloud Storage object timeCreated for Epioxa/Glaukos public facility and provider photo assets; proxy only, not official active date",+17855102806,eyecarelimestone.com,Jacob Letourneau OD
Little Rock Eye Clinic,"201 Executive Ct / Suite A, Little Rock, AR 72205",Little Rock,AR,72205,Yes,No,2026-06-24,,2026-06-24,Facility asset only,1,0,"Google Cloud Storage object timeCreated for Epioxa/Glaukos public facility and provider photo assets; proxy only, not official active date",+15014745396,https://littlerockeye.com/eye-clinic-little-rock-ar/,
Little Valley Eye Care,"2557 South River Road, B3, St. George, UT 84790",St. George,UT,84790,No,Yes,2026-06-02,2026-06-02,2026-06-02,Strong: facility/provider asset dates within 7 days,3,1,"Google Cloud Storage object timeCreated for Epioxa/Glaukos public facility and provider photo assets; proxy only, not official active date",+14359234202,https://littlevalleyeyecare.com,Steven Blake OD
Littlefield Eye Care,"220 West 75th Street, Kansas City, MO 64114",Kansas City,MO,64114,No,Yes,2026-04-23,,2026-04-23,Facility asset only,1,0,"Google Cloud Storage object timeCreated for Epioxa/Glaukos public facility and provider photo assets; proxy only, not official active date",+18165496004,https://littlefieldeyeassociates.com/,Jeff Grimes Optometrist; Kelli Smith; Kristen Yates
LOOKS EYEWARE STUDIO,"330 East Boutz Road, Las Cruces, NM 88005",Las Cruces,NM,88005,No,Yes,2026-04-30,2026-04-30,2026-04-30,Strong: facility/provider asset dates within 7 days,3,3,"Google Cloud Storage object timeCreated for Epioxa/Glaukos public facility and provider photo assets; proxy only, not official active date",+15752213076,,Adrian Tenorio; Derek Clifton OD; Thomas Kunz
Louisiana Family Eyecare,"107 Terrabella Boulevard, Covington, LA 70433",Covington,LA,70433,No,Yes,2026-05-22,,2026-05-22,Facility asset only,3,0,"Google Cloud Storage object timeCreated for Epioxa/Glaukos public facility and provider photo assets; proxy only, not official active date",+19852443510,visionsource-lafamilyeyecare.com,
Low Country Eye Care- Goose Creek,"102 Greenland Drive, Goose Creek, SC 29445",Goose Creek,SC,29445,No,Yes,2026-07-09,2026-07-09,2026-07-09,Strong: facility/provider asset dates within 7 days,2,4,"Google Cloud Storage object timeCreated for Epioxa/Glaukos public facility and provider photo assets; proxy only, not official active date",+18435473088,charlestoneyedoctor.com,Wes Shealy; Danny Coyle; Katie Young; Joseph Pitcavage
Ludlow Eye Associates,"200 Center ST, Ludlow, MA 01056",Ludlow,MA,01056,No,Yes,2026-05-11,,2026-05-11,Facility asset only,2,0,"Google Cloud Storage object timeCreated for Epioxa/Glaukos public facility and provider photo assets; proxy only, not official active date",+14133078585,ludlowandwilbrahameye.com,
Luminoptix Eye- National City,"1132 East Plaza Boulevard #201, National City, CA 91950",National City,CA,91950,No,Yes,2026-07-10,,2026-07-10,Facility asset only,1,0,"Google Cloud Storage object timeCreated for Epioxa/Glaukos public facility and provider photo assets; proxy only, not official active date",+16198264942,www.luminoptixeye.com,
Luminoptix Eye- San Diego,"655 Saturn Boulevard Suite H, San Diego, CA 92154",San Diego,CA,92154,No,Yes,2026-07-10,,2026-07-10,Facility asset only,1,0,"Google Cloud Storage object timeCreated for Epioxa/Glaukos public facility and provider photo assets; proxy only, not official active date",+16194734864,https://luminoptixeye.com/,
Luminous Vision Eye Care,"4851 West Hillsboro Boulevard, Coconut Creek, FL 33073",Coconut Creek,FL,33073,No,Yes,2026-04-15,,2026-04-15,Facility asset only,3,0,"Google Cloud Storage object timeCreated for Epioxa/Glaukos public facility and provider photo assets; proxy only, not official active date",+15073534774,https://www.luminousvisioneyecare.com/,Murad Zayed
Marciano Family Optometric,"1788 North Jog Road, West Palm Beach, FL 33411",West Palm Beach,FL,33411,No,Yes,2026-05-13,2026-05-13,2026-05-13,Strong: facility/provider asset dates within 7 days,2,1,"Google Cloud Storage object timeCreated for Epioxa/Glaukos public facility and provider photo assets; proxy only, not official active date",+15615325480,https://visionsource-drmarciano.com/,Tsung-Hao (Albert) Wu
Marciano Family Vision Associates,"11380 Prosperity Farms Road, Building E, Suite 120, Palm Beach Gardens, FL 33410",Palm Beach Gardens,FL,33410,No,Yes,2026-05-13,2026-05-13,2026-05-13,Strong: facility/provider asset dates within 7 days,2,1,"Google Cloud Storage object timeCreated for Epioxa/Glaukos public facility and provider photo assets; proxy only, not official active date",+15618723217,https://visionsource-drmarciano.com,Mark Marciano
Marietta Eye Clinic,"895 Canton Road NE / Bldg 100 (LASIK), Marietta, GA 30060",Marietta,GA,30060,Yes,No,2026-07-06,,2026-07-06,Facility asset only,1,0,"Google Cloud Storage object timeCreated for Epioxa/Glaukos public facility and provider photo assets; proxy only, not official active date",+17706920408,http://www.mariettaeye.com/about-us/specialites/cornea,
Marr-Kirkland Eye Center,"3030 University Drive East, College Station, TX 77845",College Station,TX,77845,No,Yes,2026-04-30,2026-04-30,2026-04-30,Strong: facility/provider asset dates within 7 days,2,3,"Google Cloud Storage object timeCreated for Epioxa/Glaukos public facility and provider photo assets; proxy only, not official active date",+19794065199,https://www.marr-kirklandeyecenter.com,Rachel Cook OD; Kyle Kirkland MD; Kelly Van Cleave OD
Maynard and Mitchell Eye Center,"3501 Memorial Parkway Southwest, Huntsville, AL 35801",Huntsville,AL,35801,No,Yes,2026-04-10,,2026-04-10,Facility asset only,1,0,"Google Cloud Storage object timeCreated for Epioxa/Glaukos public facility and provider photo assets; proxy only, not official active date",+12563429189,,Alan Peaslee OD
McConkey Eye Care,"4425 Fitch Avenue, Suite 120, Baltimore, MD 21236",Baltimore,MD,21236,No,Yes,2026-05-05,,2026-05-05,Facility asset only,2,0,"Google Cloud Storage object timeCreated for Epioxa/Glaukos public facility and provider photo assets; proxy only, not official active date",+14432917832,https://www.mcconkeyeyecare.com,
McCoy Vision Center,"100a Providence Main Street Northwest, Huntsville, AL 35806",Huntsville,AL,35806,No,Yes,2026-04-09,,2026-04-09,Facility asset only,2,0,"Google Cloud Storage object timeCreated for Epioxa/Glaukos public facility and provider photo assets; proxy only, not official active date",+12565379090,http://www.eyehealthpartners.com/more-about-dr-swartz/,Tracy Schroeder Swartz OD
McKnight Eye Centers,"515 North State Route 291, Liberty, MO 64068",Liberty,MO,64068,Yes,Yes,2026-05-14,2026-05-14,2026-05-14,Strong: facility/provider asset dates within 7 days,2,4,"Google Cloud Storage object timeCreated for Epioxa/Glaukos public facility and provider photo assets; proxy only, not official active date",+18167505733,https://www.mcknighteyecenters.com/,Anthony Brand; Neal Eylar; Dustin McKnight; Scott McKnight
Mega Vision Center,"187 Avenue U, Brooklyn, NY 11223",Brooklyn,NY,11223,No,Yes,2026-04-29,2026-04-29,2026-04-29,Strong: facility/provider asset dates within 7 days,3,3,"Google Cloud Storage object timeCreated for Epioxa/Glaukos public facility and provider photo assets; proxy only, not official active date",+19896935977,https://www.megavisionbrooklyn.com/,Elena Feldman; Arthur Vayner; Oleksandra Savchuk; Elena Feldman
Miami Contact Lens Institute,"2627 Northeast 203rd Street, #116, Miami, FL 33180",Miami,FL,33180,No,Yes,2026-05-13,2026-05-13,2026-05-13,Strong: facility/provider asset dates within 7 days,3,1,"Google Cloud Storage object timeCreated for Epioxa/Glaukos public facility and provider photo assets; proxy only, not official active date",+16205826765,https://www.miamicontactlens.com,Elise Kramer
Michigan Contact Lens,"25211 Coolidge Highway, Oak Park, MI 48237",Oak Park,MI,48237,No,Yes,2026-04-28,,2026-04-28,Facility asset only,3,0,"Google Cloud Storage object timeCreated for Epioxa/Glaukos public facility and provider photo assets; proxy only, not official active date",+12488262877,,
Michigan Eye Institute,"16255 Silver Parkway, Fenton, MI 48430",Fenton,MI,48430,No,Yes,2026-05-22,,2026-05-22,Facility asset only,1,0,"Google Cloud Storage object timeCreated for Epioxa/Glaukos public facility and provider photo assets; proxy only, not official active date",+18106459769,https://www.micheyecare.com,
Michigan Eye Institute - Flint,"4499 Town Center Parkway, Flint, MI 48532",Flint,MI,48532,No,Yes,2026-07-07,,2026-07-07,Facility asset only,1,0,"Google Cloud Storage object timeCreated for Epioxa/Glaukos public facility and provider photo assets; proxy only, not official active date",+18104428797,https://mieye.com/?utm_source=GMB&utm_medium=local&utm_campaign=flint-mi,
Michigan Eye Institute - Lapeer,"1005 South Lapeer Road, Lapeer, MI 48446",Lapeer,MI,48446,No,Yes,2026-07-07,,2026-07-07,Facility asset only,1,0,"Google Cloud Storage object timeCreated for Epioxa/Glaukos public facility and provider photo assets; proxy only, not official active date",+18108844907,https://mieye.com/lapeer/,
Microsurgical Eye Consultants,"USE PEABODY SHIP TO, Waltham, MA 02451",Waltham,MA,02451,No,Yes,2026-06-02,2026-06-02,2026-06-02,Strong: facility/provider asset dates within 7 days,2,6,"Google Cloud Storage object timeCreated for Epioxa/Glaukos public facility and provider photo assets; proxy only, not official active date",+19786166872,https://meceye.com/corneal-cross-linking,Richard Rodman MD; Christen Kenrick OD; Joel Pakett MD; Rebecca McGee MD; Vicky Squillini OD; Rodney Immerman OD
Middlesex Eye Physicians,"400 Saybrook Rd, Middletown, CT 06457",Middletown,CT,06457,No,Yes,2026-06-11,,2026-06-11,Facility asset only,3,0,"Google Cloud Storage object timeCreated for Epioxa/Glaukos public facility and provider photo assets; proxy only, not official active date",+18607734195,www.middlesexeye.com,
Midwestern University Eye Institute,"3450 Lacey Road, Downers Grove, IL 60515",Downers Grove,IL,60515,No,Yes,2026-04-28,2026-04-28,2026-04-28,Strong: facility/provider asset dates within 7 days,3,4,"Google Cloud Storage object timeCreated for Epioxa/Glaukos public facility and provider photo assets; proxy only, not official active date",+16305040575,,Daniel Deligio; Jessica Conroy; John Gialousakis; Vakishan Nadarajah
Mile High Eye Institute,"3535 River Point Parkway, Suite 200, Sheridan, CO 80110",Sheridan,CO,80110,Yes,Yes,2026-04-07,2026-04-09,2026-04-07,Strong: facility/provider asset dates within 7 days,1,1,"Google Cloud Storage object timeCreated for Epioxa/Glaukos public facility and provider photo assets; proxy only, not official active date",+17626000891,https://www.mhei.com/,Bill Richheimer
Mile High Eye Institute- Aurora,"1550 South Potomac Street, Aurora, CO 80012",Aurora,CO,80012,No,Yes,2026-04-21,,2026-04-21,Facility asset only,1,0,"Google Cloud Storage object timeCreated for Epioxa/Glaukos public facility and provider photo assets; proxy only, not official active date",+15078531810,https://www.mhei.com/locations/aurora/,
Miller Optometry,"34806 Yucaipa Boulevard, Yucaipa, CA 92399",Yucaipa,CA,92399,No,Yes,2026-06-08,,2026-06-08,Facility asset only,2,0,"Google Cloud Storage object timeCreated for Epioxa/Glaukos public facility and provider photo assets; proxy only, not official active date",+19097651681,https://www.miller-optometry.com/,
Minnesota Eye Consultants - Bloomington,"9801 Dupont Ave S / Suite 200, Bloomington, MN 55431",Bloomington,MN,55431,Yes,Yes,2026-04-30,,2026-04-30,Facility asset only,3,0,"Google Cloud Storage object timeCreated for Epioxa/Glaukos public facility and provider photo assets; proxy only, not official active date",+16188449864,https://www.mneye.com,
Minnesota Eye Consultants - Minnetonka,"10709 Wayzata Blvd / Suite 200, Minnetonka, MN 55305",Minnetonka,MN,55305,Yes,Yes,2026-04-30,,2026-04-30,Facility asset only,3,0,"Google Cloud Storage object timeCreated for Epioxa/Glaukos public facility and provider photo assets; proxy only, not official active date",+16576795346,https://www.mneye.com,
Minnesota Eye Consultants - Woodbury,"7125 Tamarack Road, Woodbury, MN 55125",Woodbury,MN,55125,Yes,Yes,2026-06-08,,2026-06-08,Facility asset only,4,0,"Google Cloud Storage object timeCreated for Epioxa/Glaukos public facility and provider photo assets; proxy only, not official active date",+16126827436,https://www.mneye.com/locations/woodbury,
Mission Cataract and LASIK,"23103 West Interstate 10 / Suite 105, San Antonio, TX 78257",San Antonio,TX,78257,Yes,Yes,2026-04-10,,2026-04-10,Facility asset only,1,0,"Google Cloud Storage object timeCreated for Epioxa/Glaukos public facility and provider photo assets; proxy only, not official active date",+12108796478,https://www.missioncataract.com/,Bobby Saenz OD
Mission Cataract and LASIK- Pearsall Location,"105 East Hackberry Street Suite, Pearsall, TX 78061",Pearsall,TX,78061,No,Yes,2026-05-12,,2026-05-12,Facility asset only,1,0,"Google Cloud Storage object timeCreated for Epioxa/Glaukos public facility and provider photo assets; proxy only, not official active date",+18302834199,,
Mission Cataract and LASIK- Uvalde,"1038 Garner Field Road, Uvalde, TX 78801",Uvalde,TX,78801,No,Yes,2026-05-12,2026-05-12,2026-05-12,Strong: facility/provider asset dates within 7 days,1,1,"Google Cloud Storage object timeCreated for Epioxa/Glaukos public facility and provider photo assets; proxy only, not official active date",+18304553156,,Bobby Saenz
Mission Cataract and LASIK-Hill Country,"708 Hill Country Drive, Kerrville, TX 78028",Kerrville,TX,78028,No,Yes,2026-05-12,2026-05-12,2026-05-12,Strong: facility/provider asset dates within 7 days,1,1,"Google Cloud Storage object timeCreated for Epioxa/Glaukos public facility and provider photo assets; proxy only, not official active date",+18303964893,https://www.missioncataract.com,Bobby Seanz
Mission Cataract and LASIK-Water Street,"237 West Water Street, Kerrville, TX 78028",Kerrville,TX,78028,No,Yes,2026-05-12,2026-05-12,2026-05-12,Strong: facility/provider asset dates within 7 days,1,1,"Google Cloud Storage object timeCreated for Epioxa/Glaukos public facility and provider photo assets; proxy only, not official active date",+18303550725,https://www.missioncataract.com/,Bobby Saenz
"Mona Sane, MD - iSight Care","289 S. SAN ANTONIO RD, SUITE 110, Los Altos, CA 94022",Los Altos,CA,94022,Yes,No,2026-05-05,,2026-05-05,Facility asset only,2,0,"Google Cloud Storage object timeCreated for Epioxa/Glaukos public facility and provider photo assets; proxy only, not official active date",+16506286186,,
Mt. View EyeCare Center,"1405 Southeast 164th Avenue, Vancouver, WA 98683",Vancouver,WA,98683,No,Yes,2026-04-09,,2026-04-09,Facility asset only,2,0,"Google Cloud Storage object timeCreated for Epioxa/Glaukos public facility and provider photo assets; proxy only, not official active date",+13603024961,,
My Eye Dr.,"1415 Wooten Lake Road Northwest  Suite 100, Kennesaw, GA 30144",Kennesaw,GA,30144,No,Yes,2026-04-08,,2026-04-08,Facility asset only,2,0,"Google Cloud Storage object timeCreated for Epioxa/Glaukos public facility and provider photo assets; proxy only, not official active date",+17707387334,,Ryan Tieu OD
MyEyeDr.- Mountainbrook,"2737 U.S. 280, Mountain Brook, AL 35223",Mountain Brook,AL,35223,No,Yes,2026-04-22,2026-04-22,2026-04-22,Strong: facility/provider asset dates within 7 days,1,1,"Google Cloud Storage object timeCreated for Epioxa/Glaukos public facility and provider photo assets; proxy only, not official active date",+12059646911,locations@myeyedr.com,Brooke Kaplan
Nielsen Eye Center,"141 Longwater Drive, Norwell, MA 02061",Norwell,MA,02061,No,Yes,2026-07-10,2026-07-10,2026-07-10,Strong: facility/provider asset dates within 7 days,1,3,"Google Cloud Storage object timeCreated for Epioxa/Glaukos public facility and provider photo assets; proxy only, not official active date",+13506004955,https://www.golasik.net/medical-surgical/crosslinking-and-keratoconus/,Helen Moreira MD; Nitasha Khanna MD; Maria Lopez MD
Nielsen Eye Center,"541 Main Street, Weymouth, MA 02190",Weymouth,MA,02190,No,Yes,2026-07-10,,2026-07-10,Facility asset only,1,0,"Google Cloud Storage object timeCreated for Epioxa/Glaukos public facility and provider photo assets; proxy only, not official active date",+15672685279,https://www.golasik.net/medical-surgical/crosslinking-and-keratoconus/,
Nielsen Eye Center,"95 Chapel Street, Norwood, MA 02062",Norwood,MA,02062,No,Yes,2026-07-10,2026-07-10,2026-07-10,Strong: facility/provider asset dates within 7 days,2,3,"Google Cloud Storage object timeCreated for Epioxa/Glaukos public facility and provider photo assets; proxy only, not official active date",+16056085014,https://www.golasik.net/medical-surgical/crosslinking-and-keratoconus/,Helen Moreira MD; Nitasha Khanna MD; Maria Lopez MD
Normandy Optical - Sterling Heights,"36838 Ryan Road, Sterling Heights, MI 48310",Sterling Heights,MI,48310,No,Yes,2026-05-22,,2026-05-22,Facility asset only,1,0,"Google Cloud Storage object timeCreated for Epioxa/Glaukos public facility and provider photo assets; proxy only, not official active date",+15868004114,https://www.normandyoptical.com/locations/sterling-heights,
Normandy Optical - West Bloomfield,"6891 Orchard Lake Road, West Bloomfield Township, MI 48322",West Bloomfield Township,MI,48322,No,Yes,2026-05-22,,2026-05-22,Facility asset only,3,0,"Google Cloud Storage object timeCreated for Epioxa/Glaukos public facility and provider photo assets; proxy only, not official active date",+15172101707,https://www.normandyoptical.com/locations/west-bloomfield,
North Georgia Eye Associates,"2061 Beverly Road, Gainesville, GA 30501",Gainesville,GA,30501,Yes,Yes,2026-04-16,,2026-04-16,Facility asset only,3,0,"Google Cloud Storage object timeCreated for Epioxa/Glaukos public facility and provider photo assets; proxy only, not official active date",+12184057974,https://northgeorgiaeye.com/,Elizabeth Ellison; Pamela Martin; Bhairavi Dholakia
Northeastern Eye Institute,"200 Mifflin Ave, Scranton, PA 18503",Scranton,PA,18503,Yes,Yes,2026-06-23,2026-06-23,2026-06-23,Strong: facility/provider asset dates within 7 days,2,1,"Google Cloud Storage object timeCreated for Epioxa/Glaukos public facility and provider photo assets; proxy only, not official active date",+15707084269,https://www.neivision.com/scranton.html,Thomas Boland
Northeastern State University,"870 E. Crafton St, Tahlequah, OK 74464",Tahlequah,OK,74464,Yes,Yes,2026-06-23,2026-06-23,2026-06-23,Strong: facility/provider asset dates within 7 days,1,1,"Google Cloud Storage object timeCreated for Epioxa/Glaukos public facility and provider photo assets; proxy only, not official active date",+19182576492,https://www.nsuok.edu:443/,Nate Lighthizer
Northwest Eye,"250 North Central Ave North / Ste 107, Wayzata, MN 55391",Wayzata,MN,55391,No,Yes,2026-05-05,,2026-05-05,Facility asset only,3,0,"Google Cloud Storage object timeCreated for Epioxa/Glaukos public facility and provider photo assets; proxy only, not official active date",+17632960593,https://nweyeclinic.com/locations/wayzata,
Northwest Eye Surgeons,"332 NE NORTHGATE WAY, Seattle, WA 98125",Seattle,WA,98125,No,Yes,2026-06-02,,2026-06-02,Facility asset only,4,0,"Google Cloud Storage object timeCreated for Epioxa/Glaukos public facility and provider photo assets; proxy only, not official active date",+12067610425,https://www.nweyes.com/locations/seattle-northgate,
Northwest Eye Surgeons - Mount Vernon,"1306 Roosevelt Avenue, Mount Vernon, WA 98273",Mount Vernon,WA,98273,No,Yes,2026-07-09,,2026-07-09,Facility asset only,1,0,"Google Cloud Storage object timeCreated for Epioxa/Glaukos public facility and provider photo assets; proxy only, not official active date",+13608735760,nweyes.com,
Northwest Eye Surgeons - Renton,"1412 Southwest 43rd Street, Renton, WA 98057",Renton,WA,98057,No,Yes,2026-07-09,,2026-07-09,Facility asset only,1,0,"Google Cloud Storage object timeCreated for Epioxa/Glaukos public facility and provider photo assets; proxy only, not official active date",+14257282311,nweyes.com,
Northwest Eye Surgeons - Sequim,"795 North 5th Avenue, Sequim, WA 98382",Sequim,WA,98382,No,Yes,2026-07-09,,2026-07-09,Facility asset only,1,0,"Google Cloud Storage object timeCreated for Epioxa/Glaukos public facility and provider photo assets; proxy only, not official active date",+13609972272,nweyes.com,
NVISION - Tigard,"7000 SW Redwood Lane, Tigard, OR 97224",Tigard,OR,97224,Yes,Yes,2026-05-14,,2026-05-14,Facility asset only,3,0,"Google Cloud Storage object timeCreated for Epioxa/Glaukos public facility and provider photo assets; proxy only, not official active date",+13612668299,www.nvisioncenters.com,
NVISION Eye Centers- Fullerton,"1400 N. Harbor Blvd., Fullerton, CA 92835",Fullerton,CA,92835,Yes,No,2026-07-09,,2026-07-09,Facility asset only,1,0,"Google Cloud Storage object timeCreated for Epioxa/Glaukos public facility and provider photo assets; proxy only, not official active date",+16822974188,https://www.nvisioncenters.com/locations/orange-county/nvision-fullerton/?utm_source=organic&utm_medium=gmb&utm_campaign=website_gmb,
NVISION Eye Centers- La Jolla,"3655 Nobel Dr / Suite 130, San Diego, CA 92122",San Diego,CA,92122,Yes,No,2026-05-30,,2026-05-30,Facility asset only,2,0,"Google Cloud Storage object timeCreated for Epioxa/Glaukos public facility and provider photo assets; proxy only, not official active date",+19412144680,https://www.nvisioncenters.com/locations/san-diego/nvision-la-jolla,
NVISION Eye Centers- Murrieta,"25485 Medical Center Dr / Ste 212, Murrieta, CA 92562",Murrieta,CA,92562,Yes,No,2026-07-09,,2026-07-09,Facility asset only,1,0,"Google Cloud Storage object timeCreated for Epioxa/Glaukos public facility and provider photo assets; proxy only, not official active date",+12602365923,https://www.nvisioncenters.com/locations/inland-empire/nvision-murrieta/?utm_source=organic&utm_medium=gmb&utm_campaign=website_gmb,
NVISION Eye Centers- Newport Beach,"4220 Von Karman Ave / Unit 100, Newport Beach, CA 92660",Newport Beach,CA,92660,Yes,No,2026-05-30,,2026-05-30,Facility asset only,3,0,"Google Cloud Storage object timeCreated for Epioxa/Glaukos public facility and provider photo assets; proxy only, not official active date",+12316743383,https://www.nvisioncenters.com/locations/newport-beach.html,
NVISION Eye Centers- Ontario,"3155-D Sedona Court / Suite 100, Ontario, CA 91764",Ontario,CA,91764,Yes,No,2026-07-09,,2026-07-09,Facility asset only,1,0,"Google Cloud Storage object timeCreated for Epioxa/Glaukos public facility and provider photo assets; proxy only, not official active date",+16693300810,https://www.nvisioncenters.com/locations/Inland-empire/nvision-ontario/?utm_source=organic&utm_medium=gmb&utm_campaign=website_gmb,
OCLI New Haven County: Meriden,"1064 East Main Street, Meriden, CT 06450",Meriden,CT,06450,No,Yes,2026-05-01,2026-05-01,2026-05-01,Strong: facility/provider asset dates within 7 days,3,1,"Google Cloud Storage object timeCreated for Epioxa/Glaukos public facility and provider photo assets; proxy only, not official active date",+12039022452,https://www.ocli.net/locations/eye-doctor-in-new-haven-county-meriden/,Himakshi Bhatt
"OCLI VISION 711 Stewart Ave, Garden City","711 Stewart Ave / Suite 160W, Garden City, NY 11530",Garden City,NY,11530,Yes,Yes,2026-04-10,2026-04-20,2026-04-10,Moderate: facility/provider asset dates within 30 days,1,1,"Google Cloud Storage object timeCreated for Epioxa/Glaukos public facility and provider photo assets; proxy only, not official active date",+15169406468,www.ocli.net,Gerard D'Aversa MD; Marguerite McDonald; Eric Donnenfeld; Raymond Mariani
OCLI Vision Stamford,"2777 Summer Street / Suite 212, Stamford, CT 06905",Stamford,CT,06905,No,Yes,2026-06-11,2026-06-11,2026-06-11,Strong: facility/provider asset dates within 7 days,4,1,"Google Cloud Storage object timeCreated for Epioxa/Glaukos public facility and provider photo assets; proxy only, not official active date",+18603456496,https://www.ocli.net/locations/eye-doctor-in-fairfield-county-stamford/,Talia Shoshany
Oculare,"3715 Northside Parkway Northwest  Suite 220, Atlanta, GA 30327",Atlanta,GA,30327,No,Yes,2026-06-19,2026-06-19,2026-06-19,Strong: facility/provider asset dates within 7 days,1,1,"Google Cloud Storage object timeCreated for Epioxa/Glaukos public facility and provider photo assets; proxy only, not official active date",+14045864451,oculare.com,Gavin Cohen
Oklahoma Medical Eye Group,"224 South Gateway Place / Suite 101, Jenks, OK 74037",Jenks,OK,74037,No,Yes,,,,No public asset date available,0,0,"Google Cloud Storage object timeCreated for Epioxa/Glaukos public facility and provider photo assets; proxy only, not official active date",+19188427761,https://www.omeg2020.com/,Michael Chamberlain
Oklahoma Medical Eye Group,"3400 Southeast Frank Phillips Boulevard, Bartlesville, OK 74006",Bartlesville,OK,74006,No,Yes,2026-05-14,,2026-05-14,Facility asset only,2,0,"Google Cloud Storage object timeCreated for Epioxa/Glaukos public facility and provider photo assets; proxy only, not official active date",+19183932059,https://www.omeg2020.com/eye-center/,
Oklahoma Medical Eye Group: S. Tulsa,"9999 South Mingo Road, Tulsa, OK 74133",Tulsa,OK,74133,No,Yes,2026-06-30,,2026-06-30,Facility asset only,1,0,"Google Cloud Storage object timeCreated for Epioxa/Glaukos public facility and provider photo assets; proxy only, not official active date",+19189377746,https://www.omeg2020.com/eye-center/south-tulsa/,
Omni Eye Services - Downwood Circle,"3200 Downwood Circle, Atlanta, GA 30327",Atlanta,GA,30327,Yes,Yes,2026-04-09,,2026-04-09,Facility asset only,2,0,"Google Cloud Storage object timeCreated for Epioxa/Glaukos public facility and provider photo assets; proxy only, not official active date",+16066605821,http://www.omnieyeatlanta.com/services/corneal-services/corneal-transplant/,Priya Patel MD; Niloufar Soltanian
Omni Eye Services - Iselin,"485 Route 1 South / Building A / Suite 100, Iselin, NJ 08830",Iselin,NJ,08830,No,Yes,2026-04-28,2026-04-28,2026-04-28,Strong: facility/provider asset dates within 7 days,3,2,"Google Cloud Storage object timeCreated for Epioxa/Glaukos public facility and provider photo assets; proxy only, not official active date",+17323132603,,George Veliky; Melanne Rosetta
Ophthalmic Consultants of Boston,"195 West Street, Waltham, MA 02451",Waltham,MA,02451,Yes,No,2026-04-15,2026-04-22,2026-04-15,Strong: facility/provider asset dates within 7 days,2,3,"Google Cloud Storage object timeCreated for Epioxa/Glaukos public facility and provider photo assets; proxy only, not official active date",+16414183239,https://www.eyeboston.com/cornea/crosslinking/,Michael Raizman MD; Naveen Rao MD; Azin Abazari MD
Ophthalmic Consultants of Boston,"146 Industrial Park Road, Plymouth, MA 02360",Plymouth,MA,02360,Yes,Yes,2026-04-15,2026-04-22,2026-04-15,Strong: facility/provider asset dates within 7 days,2,1,"Google Cloud Storage object timeCreated for Epioxa/Glaukos public facility and provider photo assets; proxy only, not official active date",+19787562413,https://www.eyeboston.com/cornea/crosslinking/,Daniel Hu MD
Ophthalmic Consultants of Connecticut,"1375 Kings Highway, Fairfield, CT 06824",Fairfield,CT,06824,Yes,Yes,2026-04-10,2026-04-20,2026-04-10,Moderate: facility/provider asset dates within 30 days,1,1,"Google Cloud Storage object timeCreated for Epioxa/Glaukos public facility and provider photo assets; proxy only, not official active date",+16624938971,,Eric Donnenfeld MD; James Thimons; Talia Shoshany
Ophthalmic Specialists of Michigan,"29201 Telegraph Rd / Ste 101, Southfield, MI 48034",Southfield,MI,48034,Yes,Yes,2026-04-28,,2026-04-28,Facility asset only,2,0,"Google Cloud Storage object timeCreated for Epioxa/Glaukos public facility and provider photo assets; proxy only, not official active date",+12486880813,https://osmich.com/locations/southfield/,
Ophthalmology Associates,"12990 Manchester Rd / Suite 200, St. Louis, MO 63131",St. Louis,MO,63131,No,Yes,2026-06-24,2026-06-24,2026-06-24,Strong: facility/provider asset dates within 7 days,1,4,"Google Cloud Storage object timeCreated for Epioxa/Glaukos public facility and provider photo assets; proxy only, not official active date",+13148501245,https://www.youreyedoc.com/locations/ophthalmology-associates/?utm_source=gmb&utm_medium=yext,Gregg Berdy MD; Ranjan Malhotra MD; Robert Brusatti; Andrew Royer
Ophthalmology Surgery Center of Illinois,"1300 North Arlington Heights Road, Suite 150, Itasca, IL 60143",Itasca,IL,60143,Yes,No,2026-04-06,2026-04-06,2026-04-06,Strong: facility/provider asset dates within 7 days,2,3,"Google Cloud Storage object timeCreated for Epioxa/Glaukos public facility and provider photo assets; proxy only, not official active date",+16302167705,,Kevin Kovach; AliNiazee Mateen; Marius Gradianu
Optima Medical Associates,"1229 B Street, Hayward, CA 94541",Hayward,CA,94541,No,Yes,2026-06-19,,2026-06-19,Facility asset only,1,0,"Google Cloud Storage object timeCreated for Epioxa/Glaukos public facility and provider photo assets; proxy only, not official active date",+15105925242,http://www.optimaeye.com,
OSU Optometry Services,"1664 Neil Avenue, Columbus, OH 43201",Columbus,OH,43201,No,Yes,2026-05-19,,2026-05-19,Facility asset only,1,0,"Google Cloud Storage object timeCreated for Epioxa/Glaukos public facility and provider photo assets; proxy only, not official active date",+16147146310,https://greatvision.osu.edu,
Palm Beach Eyes,"640 Boynton Beach Boulevard, Boynton Beach, FL 33426",Boynton Beach,FL,33426,No,Yes,2026-06-18,2026-06-18,2026-06-18,Strong: facility/provider asset dates within 7 days,2,2,"Google Cloud Storage object timeCreated for Epioxa/Glaukos public facility and provider photo assets; proxy only, not official active date",+15618344391,https://visionsource-palmbeacheyes.com/,Greg Pientka; Michael Mann
Palm City Eye Care,"2660 Southwest Immanuel Drive, Palm City, FL 34990",Palm City,FL,34990,No,Yes,2026-07-09,2026-07-09,2026-07-09,Strong: facility/provider asset dates within 7 days,1,2,"Google Cloud Storage object timeCreated for Epioxa/Glaukos public facility and provider photo assets; proxy only, not official active date",+17722797090,https://www.palmcityeye.com/,Jason Davis; Jessica Lund
Palo Alto Eyes Optometry,"540 University Avenue, Palo Alto, CA 94301",Palo Alto,CA,94301,No,Yes,2026-05-30,,2026-05-30,Facility asset only,2,0,"Google Cloud Storage object timeCreated for Epioxa/Glaukos public facility and provider photo assets; proxy only, not official active date",+16508997454,www.paloaltoeyes.net,
"Palo Alto Vision Optometry- Dr. Vivian Pham, OD","109 California Avenue, Palo Alto, CA 94306",Palo Alto,CA,94306,No,Yes,2026-05-30,,2026-05-30,Facility asset only,3,0,"Google Cloud Storage object timeCreated for Epioxa/Glaukos public facility and provider photo assets; proxy only, not official active date",+16509551095,www.paloaltovision.com,
Paradise Canyon Eye Care,"1449 1400 West Street, St. George, UT 84770",St. George,UT,84770,No,Yes,2026-06-02,2026-06-02,2026-06-02,Strong: facility/provider asset dates within 7 days,2,1,"Google Cloud Storage object timeCreated for Epioxa/Glaukos public facility and provider photo assets; proxy only, not official active date",+14359157962,https://paradiseeye.com,Joseph Fife OD
Parker Cornea,"3745 Corporate Woods Drive, Vestavia Hills, AL 35242",Vestavia Hills,AL,35242,Yes,No,2026-07-09,,2026-07-09,Facility asset only,1,0,"Google Cloud Storage object timeCreated for Epioxa/Glaukos public facility and provider photo assets; proxy only, not official active date",+12058310252,https://parkercornea.com/,
Parkhurst Nuvision,"9725 Datapoint Drive / Ste 106, San Antonio, TX 78229",San Antonio,TX,78229,Yes,No,2026-06-22,2026-06-22,2026-06-22,Strong: facility/provider asset dates within 7 days,2,4,"Google Cloud Storage object timeCreated for Epioxa/Glaukos public facility and provider photo assets; proxy only, not official active date",+16892648373,https://sanantonio-lasik.com/,Lauren Libfraind; Darcy Seaton OD; Thomas Nettleton; Matthew Hirabayashi; Gregory Parkhurst; Anthony Vanrachack; Lucas Nguyen; Travis Parker
"Patrick McManamon, OD","633 West Germantown Pike, Plymouth Meeting, PA 19462",Plymouth Meeting,PA,19462,No,Yes,2026-05-08,2026-05-08,2026-05-08,Strong: facility/provider asset dates within 7 days,3,1,"Google Cloud Storage object timeCreated for Epioxa/Glaukos public facility and provider photo assets; proxy only, not official active date",+13366199187,,Patrick McManamon
Paul Hammond,"3601 West 76th St, Edina, MN 55435",Edina,MN,55435,No,Yes,2026-05-05,,2026-05-05,Facility asset only,3,0,"Google Cloud Storage object timeCreated for Epioxa/Glaukos public facility and provider photo assets; proxy only, not official active date",+17634964307,https://tcecmn.com,
Perfect Eye Care Brooklyn,"944 Ralph Avenue, Brooklyn, NY 11203",Brooklyn,NY,11203,No,Yes,2026-06-19,2026-06-19,2026-06-19,Strong: facility/provider asset dates within 7 days,1,1,"Google Cloud Storage object timeCreated for Epioxa/Glaukos public facility and provider photo assets; proxy only, not official active date",+14247881861,https://www.perfecteyecareny.com,Tatyana Galinsky
Personal Eyes AZ,"10619 Hayden Road, Scottsdale, AZ 85260",Scottsdale,AZ,85260,No,Yes,2026-06-29,,2026-06-29,Facility asset only,1,0,"Google Cloud Storage object timeCreated for Epioxa/Glaukos public facility and provider photo assets; proxy only, not official active date",+16234006493,personaleyesaz.com,Ric Rios
Personal Eyes AZ,"15600 North Black Canyon Highway, Phoenix, AZ 85053",Phoenix,AZ,85053,No,Yes,2026-06-29,2026-06-29,2026-06-29,Strong: facility/provider asset dates within 7 days,2,1,"Google Cloud Storage object timeCreated for Epioxa/Glaukos public facility and provider photo assets; proxy only, not official active date",+16507511196,https://personaleyesaz.com,Ric Rios; Achal Patel
Philadelphia Eye Associates,"1930 South Broad Street / Unit 9, Philadelphia, PA 19145",Philadelphia,PA,19145,Yes,Yes,2026-06-05,2026-06-05,2026-06-05,Strong: facility/provider asset dates within 7 days,1,1,"Google Cloud Storage object timeCreated for Epioxa/Glaukos public facility and provider photo assets; proxy only, not official active date",+13614018284,,Brad Feldman
Physicians Eye Care Center,"11055 Little Patuxent Parkway / Suite 105, Columbia, MD 21044",Columbia,MD,21044,Yes,No,2026-06-05,,2026-06-05,Facility asset only,1,0,"Google Cloud Storage object timeCreated for Epioxa/Glaukos public facility and provider photo assets; proxy only, not official active date",+14104987929,https://www.physicianseyecare.com/specialties/cornea-and-external-disease/,
"PineCone Vision Center Dr. Trevor Fosso, OD, FAAO, FSLS","2180 Troop Drive, Sartell, MN 56377",Sartell,MN,56377,No,Yes,2026-04-30,,2026-04-30,Facility asset only,3,0,"Google Cloud Storage object timeCreated for Epioxa/Glaukos public facility and provider photo assets; proxy only, not official active date",+13203005330,https://www.pineconevisioncenter.com/,
Planet Vision Eyecare,"8755 Hypoluxo Road, Lake Worth, FL 33467",Lake Worth,FL,33467,No,Yes,2026-04-09,,2026-04-09,Facility asset only,1,0,"Google Cloud Storage object timeCreated for Epioxa/Glaukos public facility and provider photo assets; proxy only, not official active date",+15618166401,,Hetal Bhakta
Premier Medical Group West,"3701 Dauphin St, Mobile, AL 36608",Mobile,AL,36608,Yes,No,2026-06-24,,2026-06-24,Facility asset only,2,0,"Google Cloud Storage object timeCreated for Epioxa/Glaukos public facility and provider photo assets; proxy only, not official active date",+12515012682,https://premiermedicalgrp.com/,
Premier Vision Care Optometry,"25820 Lucille Avenue Suite 103, Lomita, CA 90717",Lomita,CA,90717,No,Yes,2026-06-05,,2026-06-05,Facility asset only,3,0,"Google Cloud Storage object timeCreated for Epioxa/Glaukos public facility and provider photo assets; proxy only, not official active date",+15077647534,https://www.premiervisioncare.net,
Princeton Eye Group,"419 North Harrison St / Suite 209, Princeton, NJ 08540",Princeton,NJ,08540,No,Yes,2026-05-01,2026-05-01,2026-05-01,Strong: facility/provider asset dates within 7 days,3,1,"Google Cloud Storage object timeCreated for Epioxa/Glaukos public facility and provider photo assets; proxy only, not official active date",+16097459564,,Kevin Feng
Professional Eye Care at Westar,"584 North State Street, Westerville, OH 43082",Westerville,OH,43082,No,Yes,2026-05-29,2026-05-29,2026-05-29,Strong: facility/provider asset dates within 7 days,2,3,"Google Cloud Storage object timeCreated for Epioxa/Glaukos public facility and provider photo assets; proxy only, not official active date",+16147563118,https://www.westervilleeyedoctor.com,Isidoros Fragoulis; Caitlin Kelly; Jacob Olding
Pupila Eye Care,"12512 Memorial Drive / Ste A, Houston, TX 77024",Houston,TX,77024,Yes,Yes,2026-04-30,,2026-04-30,Facility asset only,5,0,"Google Cloud Storage object timeCreated for Epioxa/Glaukos public facility and provider photo assets; proxy only, not official active date",+17165894845,https://pupilaeyecare.com/eye-care-services,
Pupila Eye Care - Energy Corridor,"14634 Memorial Drive, Houston, TX 77079",Houston,TX,77079,No,Yes,2026-06-29,,2026-06-29,Facility asset only,1,0,"Google Cloud Storage object timeCreated for Epioxa/Glaukos public facility and provider photo assets; proxy only, not official active date",+12815338905,https://pupilaeyecare.com/locations/energy-corridor/,
Pupila Family Eye Care,"132 Southmore Avenue, Pasadena, TX 77502",Pasadena,TX,77502,No,Yes,2026-06-29,,2026-06-29,Facility asset only,2,0,"Google Cloud Storage object timeCreated for Epioxa/Glaukos public facility and provider photo assets; proxy only, not official active date",+12814073391,https://pupilaeyecare.com/locations/pasadena/,
Quinn Eye Center,"832 Northwest 57th Street, Gainesville, FL 32605",Gainesville,FL,32605,No,Yes,2026-05-14,2026-05-14,2026-05-14,Strong: facility/provider asset dates within 7 days,1,5,"Google Cloud Storage object timeCreated for Epioxa/Glaukos public facility and provider photo assets; proxy only, not official active date",+13526612646,https://www.quinneyecenter.com,Kevin Quinn; Rebecca Geering; Kenneth Parker; Shruti Desai; Lauren Chermak
Rainbow Optometry,"1183 East Foothill Boulevard Suite 140, Upland, CA 91786",Upland,CA,91786,No,Yes,2026-06-30,,2026-06-30,Facility asset only,2,0,"Google Cloud Storage object timeCreated for Epioxa/Glaukos public facility and provider photo assets; proxy only, not official active date",+19094030819,www.rainbowoptometry.com,
Raleigh Ophthalmology,"2709 Blue Ridge Road, Suite 100, Raleigh, NC 27607",Raleigh,NC,27607,Yes,No,2026-05-20,2026-05-20,2026-05-20,Strong: facility/provider asset dates within 7 days,3,1,"Google Cloud Storage object timeCreated for Epioxa/Glaukos public facility and provider photo assets; proxy only, not official active date",+19127582538,http://www.raleighop.com/north-carolina/cornea-center.htm,Patrick Laber MD
Rand Eye Institute,"5 West Sample Road, Pompano Beach, FL 33064",Pompano Beach,FL,33064,Yes,No,2026-07-09,2026-07-09,2026-07-09,Strong: facility/provider asset dates within 7 days,1,1,"Google Cloud Storage object timeCreated for Epioxa/Glaukos public facility and provider photo assets; proxy only, not official active date",+19548074892,https://www.randeye.com/,Allison Rand
Richard Chu,"3017 W 7th St / Suite 210, Fort Worth, TX 76107",Fort Worth,TX,76107,Yes,Yes,2026-05-12,,2026-05-12,Facility asset only,3,0,"Google Cloud Storage object timeCreated for Epioxa/Glaukos public facility and provider photo assets; proxy only, not official active date",+18176469576,https://www.chuvision.com/keratoconus-minneapolis/corneal-cross-linking,Danny Mathews Dr.; Richard Chu Mr.; Lena Chu OD
Richard Chu,"3105 East Southlake Boulevard, Southlake, TX 76092",Southlake,TX,76092,No,Yes,2026-05-18,2026-05-18,2026-05-18,Strong: facility/provider asset dates within 7 days,1,1,"Google Cloud Storage object timeCreated for Epioxa/Glaukos public facility and provider photo assets; proxy only, not official active date",+18175876592,https://www.eyeworksgroup.com,Robert Chu Mr.
Richard Chu,"4631 South Hulen Street, Fort Worth, TX 76132",Fort Worth,TX,76132,No,Yes,2026-05-18,2026-05-18,2026-05-18,Strong: facility/provider asset dates within 7 days,1,1,"Google Cloud Storage object timeCreated for Epioxa/Glaukos public facility and provider photo assets; proxy only, not official active date",+18173830389,https://www.chuvision.com/procedures/cornea/corneal-collagen-crosslinking,Danny Mathews
Ridgeview Eye Care,"18208 West 119th Street, Olathe, KS 66061",Olathe,KS,66061,No,Yes,2026-06-16,2026-06-16,2026-06-16,Strong: facility/provider asset dates within 7 days,3,2,"Google Cloud Storage object timeCreated for Epioxa/Glaukos public facility and provider photo assets; proxy only, not official active date",+19134534386,ridgevieweyecare.com https://www.kansascontactlens.com/,Jacob Letourneau OD; Carrie Hartigan
"Rochester Regional Health Eye Care- Greece, NY","2345 Ridgeway Avenue, Rochester, NY 14626",Rochester,NY,14626,No,Yes,2026-07-07,,2026-07-07,Facility asset only,1,0,"Google Cloud Storage object timeCreated for Epioxa/Glaukos public facility and provider photo assets; proxy only, not official active date",+15858663197,https://www.rochesterregional.org/locations/eye-care/greece?y_source=1_MTQ0NTQwOTItNzE1LWxvY2F0aW9uLndlYnNpdGU%3D#sortCriteria=%40pl_degree_rank%20ascending&f-pl_locationcategory=Eye%20Care,
Rothbloom Eye Care,"1655 Spring Road Southeast, Smyrna, GA 30080",Smyrna,GA,30080,No,Yes,2026-04-22,2026-04-22,2026-04-22,Strong: facility/provider asset dates within 7 days,3,3,"Google Cloud Storage object timeCreated for Epioxa/Glaukos public facility and provider photo assets; proxy only, not official active date",+16787353251,,Aaron Gilliam; Stephen Rothbloom; Marissa Thornton
Rouse Family Eyecare,"15916 West State Road 84, Weston, FL 33326",Weston,FL,33326,No,Yes,2026-06-08,2026-06-08,2026-06-08,Strong: facility/provider asset dates within 7 days,3,1,"Google Cloud Storage object timeCreated for Epioxa/Glaukos public facility and provider photo assets; proxy only, not official active date",+19543699630,https://www.rousefamilyeyecare.com,David Rouse
Roy Lehman MD,"1625 Highway 75 North, Sherman, TX 75090",Sherman,TX,75090,Yes,Yes,2026-06-19,,2026-06-19,Facility asset only,1,0,"Google Cloud Storage object timeCreated for Epioxa/Glaukos public facility and provider photo assets; proxy only, not official active date",+19039126960,https://www.rgbeyeassociates.com/,Jeffrey Harris
San Francisco Eye Institute,"711 Van Ness Ave / STE 310, San Francisco, CA 94102",San Francisco,CA,94102,Yes,Yes,2026-06-16,,2026-06-16,Facility asset only,2,0,"Google Cloud Storage object timeCreated for Epioxa/Glaukos public facility and provider photo assets; proxy only, not official active date",+12603454461,https://www.sfeyeinstitute.com,
Sandhya Iyer MD,"1201 Summit Avenue, Fort Worth, TX 76102",Fort Worth,TX,76102,Yes,Yes,2026-04-22,,2026-04-22,Facility asset only,3,0,"Google Cloud Storage object timeCreated for Epioxa/Glaukos public facility and provider photo assets; proxy only, not official active date",+18176011158,,Sandhya Iyer; Sean Healey Mr.; Cassandria Warr; Adriana Guardiola Mrs.
Sandhya Iyer MD,"3906 East US Highway 377, Granbury, TX 76049",Granbury,TX,76049,No,Yes,2026-05-13,2026-05-13,2026-05-13,Strong: facility/provider asset dates within 7 days,3,1,"Google Cloud Storage object timeCreated for Epioxa/Glaukos public facility and provider photo assets; proxy only, not official active date",+18178666378,https://fortworth2020.com/locations/granbury-office-heb-shopping-center,Sean Healey
Sandhya Iyer MD,"5801 Oakbend Trail, Fort Worth, TX 76132",Fort Worth,TX,76132,No,Yes,2026-05-13,2026-05-13,2026-05-13,Strong: facility/provider asset dates within 7 days,1,1,"Google Cloud Storage object timeCreated for Epioxa/Glaukos public facility and provider photo assets; proxy only, not official active date",+18176864282,https://fortworth2020.com/locations/fort-worth-city-view-office,Sean Healey Mr.
Sandhya Iyer MD,"804 Santa Fe Drive, Weatherford, TX 76086",Weatherford,TX,76086,No,Yes,2026-05-13,2026-05-13,2026-05-13,Strong: facility/provider asset dates within 7 days,3,1,"Google Cloud Storage object timeCreated for Epioxa/Glaukos public facility and provider photo assets; proxy only, not official active date",+18175805598,https://fortworth2020.com/locations/weatherford-office,Sean Healey
Sandhya Iyer MD,"809 West Harwood Road, Hurst, TX 76054",Hurst,TX,76054,No,Yes,2026-05-13,2026-05-13,2026-05-13,Strong: facility/provider asset dates within 7 days,1,1,"Google Cloud Storage object timeCreated for Epioxa/Glaukos public facility and provider photo assets; proxy only, not official active date",+18176465823,https://fortworth2020.com/locations/hurst-office,Sean Healey Mr.
Sandy Iyer,"1201 Summit Avenue, Fort Worth, TX 76102",Fort Worth,TX,76102,No,Yes,2026-05-12,,2026-05-12,Facility asset only,2,0,"Google Cloud Storage object timeCreated for Epioxa/Glaukos public facility and provider photo assets; proxy only, not official active date",+18175918254,www.fortworth2020.com,Sean Healey Dr.
Scott Eye Care,"5511 Cameron Street, Scott, LA 70583",Scott,LA,70583,No,Yes,2026-06-29,,2026-06-29,Facility asset only,2,0,"Google Cloud Storage object timeCreated for Epioxa/Glaukos public facility and provider photo assets; proxy only, not official active date",+13373526504,https://www.scotteye.com/,
Scripps Poway Eyecare,"10549 Scripps Poway Parkway Suite G, San Diego, CA 92131",San Diego,CA,92131,No,Yes,2026-05-20,,2026-05-20,Facility asset only,3,0,"Google Cloud Storage object timeCreated for Epioxa/Glaukos public facility and provider photo assets; proxy only, not official active date",+18588798405,www.scrippseyecare.com,
Seaview Eyecare,"2545 South State Road 7, Suite 10, Wellington, FL 33414",Wellington,FL,33414,No,Yes,2026-05-28,2026-05-28,2026-05-28,Strong: facility/provider asset dates within 7 days,2,2,"Google Cloud Storage object timeCreated for Epioxa/Glaukos public facility and provider photo assets; proxy only, not official active date",+15617657152,https://www.seavieweyecare.com,Amanda Weiss; Amber Fiarman
See Clearly,"8138 Watson St., McLean, VA 22102",McLean,VA,22102,Yes,Yes,2026-04-23,,2026-04-23,Facility asset only,1,0,"Google Cloud Storage object timeCreated for Epioxa/Glaukos public facility and provider photo assets; proxy only, not official active date",+12296291259,,
SeeCoast Eye Care,"2341 Southeast Federal Highway, Stuart, FL 34994",Stuart,FL,34994,No,Yes,2026-05-05,2026-05-05,2026-05-05,Strong: facility/provider asset dates within 7 days,1,2,"Google Cloud Storage object timeCreated for Epioxa/Glaukos public facility and provider photo assets; proxy only, not official active date",+17722920830,https://www.seecoasteyecare.com,Amanda Nugent; Ashleigh Miller; Charles Suivski
Sheth-Horsley Eye Center,"300 Trade Center - Suite 7690, Woburn, MA 01801",Woburn,MA,01801,No,Yes,2026-06-19,2026-06-19,2026-06-19,Strong: facility/provider asset dates within 7 days,1,2,"Google Cloud Storage object timeCreated for Epioxa/Glaukos public facility and provider photo assets; proxy only, not official active date",+17817227008,https://www.shethhorsleyeyecenter.com/corneal-diseases,Sonya Sheth OD; Nilesh Sheth MD
Shoreline Optometry- Dr. Jennifer Webb,"419 North Shoreline Boulevard, Mountain View, CA 94043",Mountain View,CA,94043,No,Yes,2026-05-30,,2026-05-30,Facility asset only,2,0,"Google Cloud Storage object timeCreated for Epioxa/Glaukos public facility and provider photo assets; proxy only, not official active date",+16505478570,https://www.shorelineoptometry.com,
Sightline Laser Eye Center,"2100 Corporate Drive, Wexford, PA 15090",Wexford,PA,15090,Yes,Yes,2026-06-16,2026-06-16,2026-06-16,Strong: facility/provider asset dates within 7 days,1,3,"Google Cloud Storage object timeCreated for Epioxa/Glaukos public facility and provider photo assets; proxy only, not official active date",+17243826696,https://www.sightlinelaser.com,Ladan Espandar MD; Paul Phillips; Derek Leale MD
Silk Vision & Surgical Center,"3301 Woodburn Rd / Suite 308, Annandale, VA 22003",Annandale,VA,22003,Yes,No,2026-06-05,,2026-06-05,Facility asset only,2,0,"Google Cloud Storage object timeCreated for Epioxa/Glaukos public facility and provider photo assets; proxy only, not official active date",+17853903387,https://www.silkvision.net,
Skyline Vision (Pueblo North),"4026 Jerry Murphy Road, Pueblo, CO 81001",Pueblo,CO,81001,No,Yes,2026-06-24,,2026-06-24,Facility asset only,2,0,"Google Cloud Storage object timeCreated for Epioxa/Glaukos public facility and provider photo assets; proxy only, not official active date",+17194558407,https://skylinevisionclinic.com,
Skyline Vision Clinic,"3155 N Union Blvd., Colorado Springs, CO 80907",Colorado Springs,CO,80907,Yes,Yes,2026-04-15,,2026-04-15,Facility asset only,1,0,"Google Cloud Storage object timeCreated for Epioxa/Glaukos public facility and provider photo assets; proxy only, not official active date",+17192129762,https://skylinevisionclinic.com/specialty-eye-care/cornea-care/keratoconus/,Matthew Chang
Slidell Eye Specialists,"2053 Gause Blvd. East / Suite 100, Slidell, LA 70461",Slidell,LA,70461,Yes,No,2026-06-24,,2026-06-24,Facility asset only,1,0,"Google Cloud Storage object timeCreated for Epioxa/Glaukos public facility and provider photo assets; proxy only, not official active date",+19853228169,https://www.seebetterla.com/,
Smart Eye Care,"2613 East 16 St, Brooklyn, NY 11235",Brooklyn,NY,11235,Yes,No,2026-04-09,,2026-04-09,Facility asset only,2,0,"Google Cloud Storage object timeCreated for Epioxa/Glaukos public facility and provider photo assets; proxy only, not official active date",+16064986471,http://www.smarteyecare.nyc,Evelyn Icansanio; Michael Ehrenhaus; Edward Rubinchik
South Shore Eye Care,"2185 Wantagh Ave, Wantagh, NY 11793",Wantagh,NY,11793,No,Yes,2026-04-15,,2026-04-15,Facility asset only,1,0,"Google Cloud Storage object timeCreated for Epioxa/Glaukos public facility and provider photo assets; proxy only, not official active date",+15166891128,https://www.southshoreeyecare.net/,Eric Conley
Southwest Eye Care Optometric Center,"4649 Planz Road, Bakersfield, CA 93309",Bakersfield,CA,93309,No,Yes,2026-07-10,,2026-07-10,Facility asset only,1,0,"Google Cloud Storage object timeCreated for Epioxa/Glaukos public facility and provider photo assets; proxy only, not official active date",+16615391347,www.southwestec.com,
Specs Appeal,"2570 Blackmon Drive, Decatur, GA 30033",Decatur,GA,30033,No,Yes,2026-04-16,,2026-04-16,Facility asset only,2,0,"Google Cloud Storage object timeCreated for Epioxa/Glaukos public facility and provider photo assets; proxy only, not official active date",+16789169630,https://www.specsappealga.com/,Minh Ta
"Spectrum Eye Physicians Cupertino- Dr. Leeanna Nguyen, OD","10300 South De Anza Boulevard, Cupertino, CA 95014",Cupertino,CA,95014,No,Yes,2026-05-06,,2026-05-06,Facility asset only,2,0,"Google Cloud Storage object timeCreated for Epioxa/Glaukos public facility and provider photo assets; proxy only, not official active date",+14083572719,www.spectrumeye.com,
Spectrum Eye Physicians Hollister,"930 Sunnyslope Road, Hollister, CA 95023",Hollister,CA,95023,No,Yes,2026-06-11,,2026-06-11,Facility asset only,1,0,"Google Cloud Storage object timeCreated for Epioxa/Glaukos public facility and provider photo assets; proxy only, not official active date",+18315250023,https://www.spectrumeye.com/our-locations/hollister/,
Spectrum Eye Physicians San Jose,"2100 Forest Ave, San Jose, CA 95128",San Jose,CA,95128,Yes,Yes,2026-05-06,,2026-05-06,Facility asset only,1,0,"Google Cloud Storage object timeCreated for Epioxa/Glaukos public facility and provider photo assets; proxy only, not official active date",+16513689630,www.spectrumeye.com,
Spectrum Eye Physicians Watsonville,"40 Penny Lane, Watsonville, CA 95076",Watsonville,CA,95076,No,Yes,2026-06-08,,2026-06-08,Facility asset only,2,0,"Google Cloud Storage object timeCreated for Epioxa/Glaukos public facility and provider photo assets; proxy only, not official active date",+18314804881,https://www.spectrumeye.com/our-locations/watsonville-penny-lane,
Spectrum Optical - Bridgeport Location,"45 Professional Place
Suite 200, Bridgeport, WV 26330",Bridgeport,WV,26330,No,Yes,2026-05-22,,2026-05-22,Facility asset only,1,0,"Google Cloud Storage object timeCreated for Epioxa/Glaukos public facility and provider photo assets; proxy only, not official active date",+13048234472,www.spectrumoptical.com,Tyler Kerr OD; Cynthia Zwolensky OD
Springfield Eye Associates,"3640 Main ST #205, Springfield, MA 01107",Springfield,MA,01107,No,Yes,2026-05-13,,2026-05-13,Facility asset only,3,0,"Google Cloud Storage object timeCreated for Epioxa/Glaukos public facility and provider photo assets; proxy only, not official active date",+14133845179,www.springfieldeyeassociates.com,
Stamper Optometry,"2508 Mission Street, San Francisco, CA 94110",San Francisco,CA,94110,No,Yes,2026-05-14,,2026-05-14,Facility asset only,3,0,"Google Cloud Storage object timeCreated for Epioxa/Glaukos public facility and provider photo assets; proxy only, not official active date",+17752788168,,
Summit Eye Care,"N89 W16785 Appleton Avenue, Menomonee Falls, WI 53051",Menomonee Falls,WI,53051,No,Yes,2026-06-15,,2026-06-15,Facility asset only,1,0,"Google Cloud Storage object timeCreated for Epioxa/Glaukos public facility and provider photo assets; proxy only, not official active date",+14142464526,https://www.summiteyewi.com/about/milwaukee-optometrist-nicholas-bruns/,
Summit Eye Center,"1621 NW Blue Parkway, Lees Summit, MO 64086",Lees Summit,MO,64086,Yes,Yes,2026-04-20,2026-04-20,2026-04-20,Strong: facility/provider asset dates within 7 days,1,2,"Google Cloud Storage object timeCreated for Epioxa/Glaukos public facility and provider photo assets; proxy only, not official active date",+18167446886,https://www.summiteyekc.com/,Kevin Skelsey MD; Kelsey Kleinsasser OD
Summit Eye Center,"3400 West 10th Street, Sedalia, MO 65301",Sedalia,MO,65301,No,Yes,2026-04-20,2026-04-20,2026-04-20,Strong: facility/provider asset dates within 7 days,1,2,"Google Cloud Storage object timeCreated for Epioxa/Glaukos public facility and provider photo assets; proxy only, not official active date",+18163235294,https://www.summiteyekc.com/locations/sedalia-mo,Kevin Skelsey MD; Kelsey Kleinsasser OD
Sunnyvale Optometry,"596 East El Camino Real, Sunnyvale, CA 94087",Sunnyvale,CA,94087,No,Yes,2026-05-30,,2026-05-30,Facility asset only,2,0,"Google Cloud Storage object timeCreated for Epioxa/Glaukos public facility and provider photo assets; proxy only, not official active date",+13639990828,https://www.sunnyvaleoptometry.net,
Teton Eye Clinic,"555 East Broadway Avenue, Jackson, WY 83001",Jackson,WY,83001,No,Yes,2026-06-23,2026-06-23,2026-06-23,Strong: facility/provider asset dates within 7 days,1,1,"Google Cloud Storage object timeCreated for Epioxa/Glaukos public facility and provider photo assets; proxy only, not official active date",+13072093452,utaheyecenters.com/locations/wyoming/,Jamie Monroe
Texas Eye Care Network,"6002 S. Staples Street, Corpus Christi, TX 78413",Corpus Christi,TX,78413,Yes,Yes,2026-05-12,2026-05-12,2026-05-12,Strong: facility/provider asset dates within 7 days,1,1,"Google Cloud Storage object timeCreated for Epioxa/Glaukos public facility and provider photo assets; proxy only, not official active date",+13613065637,www.texaseye.care,Jorge De La Chapa
Texas Regional Eye Center,"3811 Sagebriar Dr, Bryan, TX 77802",Bryan,TX,77802,Yes,Yes,2026-04-09,,2026-04-09,Facility asset only,2,0,"Google Cloud Storage object timeCreated for Epioxa/Glaukos public facility and provider photo assets; proxy only, not official active date",+19794755619,www.texasregionaleye.com,Jake Young; William Riggs; Kyle Varvel; Michael Everson
"The Eye and Vision Center, MCPHS School of Optometry","10 Lincoln Square, Worcester, MA 01608",Worcester,MA,01608,No,Yes,2026-05-05,2026-05-05,2026-05-05,Strong: facility/provider asset dates within 7 days,2,3,"Google Cloud Storage object timeCreated for Epioxa/Glaukos public facility and provider photo assets; proxy only, not official active date",+15086919882,https://www.mcphs.edu/patient-centers-and-clinics/eye-and-vision-center,"Joseph Stamm OD, FAAO; Jessica Walter OD, FAAO; Jami Parsons Malloy OD, FAAO"
The University of Michigan,"1500 East Medical Center Drive, Ann Arbor, MI 48109",Ann Arbor,MI,48109,Yes,Yes,2026-06-23,,2026-06-23,Facility asset only,1,0,"Google Cloud Storage object timeCreated for Epioxa/Glaukos public facility and provider photo assets; proxy only, not official active date",+17345402045,,
Three Rivers Eye Care,"209 West Main Street Suite 100, Kelso, WA 98626",Kelso,WA,98626,No,Yes,2026-05-20,,2026-05-20,Facility asset only,2,0,"Google Cloud Storage object timeCreated for Epioxa/Glaukos public facility and provider photo assets; proxy only, not official active date",+13602072635,threeriverseyecare.com,
Towne Lake Eye Associates,"1010 Wyngate Parkway, Woodstock, GA 30189",Woodstock,GA,30189,No,Yes,2026-04-29,2026-04-29,2026-04-29,Strong: facility/provider asset dates within 7 days,3,2,"Google Cloud Storage object timeCreated for Epioxa/Glaukos public facility and provider photo assets; proxy only, not official active date",+19897688031,https://townelakeeye.com,Christopher Luft; Steven Keith
Treasure Coast Eye Specialists,"1441 Southeast Ocean Boulevard, Stuart, FL 34996",Stuart,FL,34996,Yes,No,2026-04-15,,2026-04-15,Facility asset only,2,0,"Google Cloud Storage object timeCreated for Epioxa/Glaukos public facility and provider photo assets; proxy only, not official active date",+17722574568,https://treasurecoasteyespecialists.com/,Carrie Palmer
Tri-County Eye Clinic,"431 Bertucci Blvd, Biloxi, MS 39531",Biloxi,MS,39531,Yes,No,2026-06-24,,2026-06-24,Facility asset only,1,0,"Google Cloud Storage object timeCreated for Epioxa/Glaukos public facility and provider photo assets; proxy only, not official active date",+12282528427,http://tcecms.com/,
Triad Eye,"6827 S. Memorial, Tulsa, OK 74133",Tulsa,OK,74133,No,Yes,2026-06-23,,2026-06-23,Facility asset only,1,0,"Google Cloud Storage object timeCreated for Epioxa/Glaukos public facility and provider photo assets; proxy only, not official active date",+19182624201,https://triadeye.com/,
Triad Eye Institute - Fayetteville,"2783 North Shiloh Drive, Fayetteville, AR 72704",Fayetteville,AR,72704,Yes,No,2026-06-24,,2026-06-24,Facility asset only,1,0,"Google Cloud Storage object timeCreated for Epioxa/Glaukos public facility and provider photo assets; proxy only, not official active date",+14793460838,https://triadeye.com/,
UCLA Stein Eye Institute,"662 Gayley Avenue, Los Angeles, CA 90024",Los Angeles,CA,90024,Yes,No,2026-06-23,,2026-06-23,Facility asset only,1,0,"Google Cloud Storage object timeCreated for Epioxa/Glaukos public facility and provider photo assets; proxy only, not official active date",+15739282917,https://www.uclahealth.org/hospitals/reagan?utm_source=google&utm_medium=Yext,
UK Advanced Eye Care,"2540 Research Park Dr, Lexington, KY 40536",Lexington,KY,40536,Yes,Yes,2026-06-16,2026-06-16,2026-06-16,Strong: facility/provider asset dates within 7 days,1,2,"Google Cloud Storage object timeCreated for Epioxa/Glaukos public facility and provider photo assets; proxy only, not official active date",+18594702472,https://ukhealthcare.uky.edu/advanced-eye-care,Seema Capoor; Douglas Katz; Manokamna Agarwal; Bradford Tannen
UMSL Optometry School,"7840 Natural Bridge Road, St. Louis, MO 63121",St. Louis,MO,63121,No,Yes,2026-04-23,,2026-04-23,Facility asset only,1,0,"Google Cloud Storage object timeCreated for Epioxa/Glaukos public facility and provider photo assets; proxy only, not official active date",+13142286170,https://eyecare.umsl.edu/about-us/choose-umsl-eye-care/,Jessica TU OD; Emily Gum OD
University Medical Center,"2000 Canal Street, New Orleans, LA 70112",New Orleans,LA,70112,Yes,No,2026-06-24,,2026-06-24,Facility asset only,2,0,"Google Cloud Storage object timeCreated for Epioxa/Glaukos public facility and provider photo assets; proxy only, not official active date",+15047320558,https://www.lcmchealth.org/university-medical-center-new-orleans/,
University Mississippi Medical Center,"2500 N State St. - LP- Building, Jackson, MS 39216",Jackson,MS,39216,No,Yes,2026-05-26,2026-05-26,2026-05-26,Strong: facility/provider asset dates within 7 days,1,1,"Google Cloud Storage object timeCreated for Epioxa/Glaukos public facility and provider photo assets; proxy only, not official active date",+12182272400,https://www.umc.edu/eye,Roya Attar OD
UPENN Scheie Eye Cornea,"51 N 39th Street, Philadelphia, PA 19104",Philadelphia,PA,19104,Yes,No,2026-06-16,2026-06-16,2026-06-16,Strong: facility/provider asset dates within 7 days,1,3,"Google Cloud Storage object timeCreated for Epioxa/Glaukos public facility and provider photo assets; proxy only, not official active date",+12154342233,https://www.pennmedicine.org/locations/penn-presbyterian-medical-center,Stephen Orlin MD; Kristin Hammersmith MD; Stephen Armenti MD; Christina Moon MD; Angela Gupta MD; Parveen Nagra MD; Matthew Santos MD
Utah Eye Centers,"1025 East 3300 South, Salt Lake City, UT 84106",Salt Lake City,UT,84106,No,Yes,2026-06-30,2026-06-30,2026-06-30,Strong: facility/provider asset dates within 7 days,1,1,"Google Cloud Storage object timeCreated for Epioxa/Glaukos public facility and provider photo assets; proxy only, not official active date",+18017973002,https://life.utaheyecenters.com/,Bradley Anderson
Utah Eye Centers - Bountiful,"4360 Washington Blvd, Ogden, UT 84403-1866",Ogden,UT,84403-1866,No,Yes,2026-06-30,2026-06-30,2026-06-30,Strong: facility/provider asset dates within 7 days,1,3,"Google Cloud Storage object timeCreated for Epioxa/Glaukos public facility and provider photo assets; proxy only, not official active date",+18015162716,http://www.utaheyecenters.com/lasik/,Brock Hansen MD; Kiana Rigby; Devin Farr
Utah Eye Centers - Ogden,"214 West 1500 South / Ste 300, Bountiful, UT 84010",Bountiful,UT,84010,Yes,Yes,,2026-06-30,2026-06-30,Provider asset only,0,2,"Google Cloud Storage object timeCreated for Epioxa/Glaukos public facility and provider photo assets; proxy only, not official active date",+18013486825,,Brock Hansen MD; Devin Farr
Utah Eye Centers - Pleasant Grove,"1972 West Grove Parkway, Pleasant Grove, UT 84062",Pleasant Grove,UT,84062,No,Yes,2026-06-30,2026-06-30,2026-06-30,Strong: facility/provider asset dates within 7 days,1,1,"Google Cloud Storage object timeCreated for Epioxa/Glaukos public facility and provider photo assets; proxy only, not official active date",+18016664158,https://life.utaheyecenters.com/locations/pleasantgrove/,David Griffin
Vance  Thompson Vision - Alexandria,"2600 Jefferson Street, Alexandria, MN 56308",Alexandria,MN,56308,Yes,Yes,2026-05-05,,2026-05-05,Facility asset only,2,0,"Google Cloud Storage object timeCreated for Epioxa/Glaukos public facility and provider photo assets; proxy only, not official active date",+13203616304,https://www.vancethompsonvision.com/locations/alexandria,
Vance Thompson Vision,"2975 Ginnala Drive / Suite 120, Loveland, CO 80538",Loveland,CO,80538,Yes,Yes,2026-04-15,,2026-04-15,Facility asset only,2,0,"Google Cloud Storage object timeCreated for Epioxa/Glaukos public facility and provider photo assets; proxy only, not official active date",+19705195544,https://www.vancethompsonvision.com/locations/northern-colorado,Cullen Ryburn
Vance Thompson Vision - Billings,"1747 Poly Drive, Billings, MT 59102",Billings,MT,59102,Yes,Yes,2026-06-23,,2026-06-23,Facility asset only,1,0,"Google Cloud Storage object timeCreated for Epioxa/Glaukos public facility and provider photo assets; proxy only, not official active date",+16292918254,https://www.vancethompsonvision.com/locations/billings,
Vance Thompson Vision - Bozeman,"1925 N 22nd Ave. - Suite 201, Bozeman, MT 59718",Bozeman,MT,59718,Yes,Yes,2026-05-05,,2026-05-05,Facility asset only,3,0,"Google Cloud Storage object timeCreated for Epioxa/Glaukos public facility and provider photo assets; proxy only, not official active date",+14067294908,,
Vance Thompson Vision - Fargo,"354 23rd Ave East, West Fargo, ND 58078",West Fargo,ND,58078,Yes,Yes,2026-05-05,2026-05-05,2026-05-05,Strong: facility/provider asset dates within 7 days,4,4,"Google Cloud Storage object timeCreated for Epioxa/Glaukos public facility and provider photo assets; proxy only, not official active date",+12183082993,Vancethompsonvision.com,Michael Greenwood MD; Brooke Messer OD FAAO FSLS; Nick Risbrudt OD; Seth Stofferahn OD
Vance Thompson Vision - Sioux Falls,"3101 W 57th St., Sioux Falls, SD 57108",Sioux Falls,SD,57108,Yes,Yes,2026-04-21,,2026-04-21,Facility asset only,3,0,"Google Cloud Storage object timeCreated for Epioxa/Glaukos public facility and provider photo assets; proxy only, not official active date",+16056335981,https://www.vancethompsonvision.com/locations/sioux-falls,
"Vance Thompson Vision Cedar Rapids, IA","1136 H Avenue Northeast, Cedar Rapids, IA 52402",Cedar Rapids,IA,52402,Yes,Yes,2026-04-15,,2026-04-15,Facility asset only,2,0,"Google Cloud Storage object timeCreated for Epioxa/Glaukos public facility and provider photo assets; proxy only, not official active date",+13195594923,https://www.vancethompsonvision.com/locations/cedar-rapids,Caroline Wilson
"Vance Thompson Vision Omaha, NE","4909 S. 118th St, Omaha, NE 68137",Omaha,NE,68137,Yes,Yes,2026-04-15,,2026-04-15,Facility asset only,2,0,"Google Cloud Storage object timeCreated for Epioxa/Glaukos public facility and provider photo assets; proxy only, not official active date",+14022828343,https://www.vancethompsonvision.com/locations/omaha,Kristen Walton OD; Lawrence Nguyen OD; John Goertz OD; Brandon Baartman MD
VIctoria Eye Center,"107 James Coleman Dr, Victoria, TX 77904",Victoria,TX,77904,Yes,Yes,2026-05-12,2026-05-12,2026-05-12,Strong: facility/provider asset dates within 7 days,1,1,"Google Cloud Storage object timeCreated for Epioxa/Glaukos public facility and provider photo assets; proxy only, not official active date",+13613264445,http://victoriaeyecenter.com/services,Peter Lam
Vision Care Center of Hawaii,"94-050 Farrington Highway, Waipahu, HI 96797",Waipahu,HI,96797,No,Yes,2026-04-29,,2026-04-29,Facility asset only,3,0,"Google Cloud Storage object timeCreated for Epioxa/Glaukos public facility and provider photo assets; proxy only, not official active date",+18085635693,https://www.visioncarecenters.com,
Vision Source Insight Eyecare,"5380 Roswell Road Northeast, Atlanta, GA 30342",Atlanta,GA,30342,No,Yes,2026-05-07,,2026-05-07,Facility asset only,2,0,"Google Cloud Storage object timeCreated for Epioxa/Glaukos public facility and provider photo assets; proxy only, not official active date",+14042366697,www.visionsource-insight.com,Rachael Sweeney; Jonathan Chen
Vision Source Signature Eye Care,"5 Sunrise Plaza, Valley Stream, NY 11580",Valley Stream,NY,11580,No,Yes,2026-04-09,,2026-04-09,Facility asset only,1,0,"Google Cloud Storage object timeCreated for Epioxa/Glaukos public facility and provider photo assets; proxy only, not official active date",+16318174266,https://visionforlifeod.com/,Aleksandra Wianecka; Christopher Vissicchio
Vision Source Signature Eyecare of Babylon,"66 Deer Park Avenue, Babylon, NY 11702",Babylon,NY,11702,No,Yes,2026-04-09,,2026-04-09,Facility asset only,1,0,"Google Cloud Storage object timeCreated for Epioxa/Glaukos public facility and provider photo assets; proxy only, not official active date",+16318142490,https://www.visionforlifeod.com/,Kelsey Jones
Vision Source Signature Eyecare of Huntington,"374 New York Avenue, Huntington, NY 11743",Huntington,NY,11743,No,Yes,2026-04-16,2026-04-16,2026-04-16,Strong: facility/provider asset dates within 7 days,1,1,"Google Cloud Storage object timeCreated for Epioxa/Glaukos public facility and provider photo assets; proxy only, not official active date",+16315023931,https://visionforlifeod.com/locations/vision-source-signature-eyecare-of-huntington/,Corinne Blum
Vision Specialists of Annapolis,"116 Defense Highway, Annapolis, MD 21401",Annapolis,MD,21401,No,Yes,2026-07-07,,2026-07-07,Facility asset only,2,0,"Google Cloud Storage object timeCreated for Epioxa/Glaukos public facility and provider photo assets; proxy only, not official active date",+14108737147,https://www.annapolis.vision/,
Vision Therapy Institute of South Carolina,"3618 Sunset Boulevard, West Columbia, SC 29169",West Columbia,SC,29169,No,Yes,2026-06-23,2026-06-23,2026-06-23,Strong: facility/provider asset dates within 7 days,3,1,"Google Cloud Storage object timeCreated for Epioxa/Glaukos public facility and provider photo assets; proxy only, not official active date",+18037468321,visiontherapysc.com,"Kate Davis, OD"
Visionare Eye Care,"16860 Sheridan Parkway, Broomfield, CO 80023",Broomfield,CO,80023,No,Yes,2026-05-22,2026-05-22,2026-05-22,Strong: facility/provider asset dates within 7 days,2,2,"Google Cloud Storage object timeCreated for Epioxa/Glaukos public facility and provider photo assets; proxy only, not official active date",+17209543312,https://www.visionaryeyecareco.com/,Kaitlin Fossee; Tiffany Gates
Visionary Eye Doctors,"11300 Rockville Pike / Suite 1202, Rockville, MD 20852",Rockville,MD,20852,Yes,Yes,2026-06-16,,2026-06-16,Facility asset only,3,0,"Google Cloud Storage object timeCreated for Epioxa/Glaukos public facility and provider photo assets; proxy only, not official active date",+13013643978,https://www.voeyedr.com,
Wang Vision Institute,"1801 W End Ave / Suite 1150, Nashville, TN 37203",Nashville,TN,37203,Yes,Yes,2026-06-19,2026-06-19,2026-06-19,Strong: facility/provider asset dates within 7 days,3,4,"Google Cloud Storage object timeCreated for Epioxa/Glaukos public facility and provider photo assets; proxy only, not official active date",+16155023920,https://wangvisioninstitute.com/,Abhilash Guduru; Kyle Jones; David Zimmerman; Jake Wysiadlowski
Washington Eye Doctors,"900 17th Street Northwest, Washington, DC 20006",Washington,DC,20006,No,Yes,2026-07-08,,2026-07-08,Facility asset only,1,0,"Google Cloud Storage object timeCreated for Epioxa/Glaukos public facility and provider photo assets; proxy only, not official active date",+15706846799,https://www.washingtoneyedoctors.com/about/,
Washington Eye Institute,"7500 Greenway Center Drive / Ste 300, Greenbelt, MD 20770",Greenbelt,MD,20770,Yes,Yes,2026-06-16,,2026-06-16,Facility asset only,2,0,"Google Cloud Storage object timeCreated for Epioxa/Glaukos public facility and provider photo assets; proxy only, not official active date",+13018571754,https://washingtoneyeinstitute.com,
Western Mass Eye Care & Eyewear Gallery,"53 Court Street, Westfield, MA 01085",Westfield,MA,01085,No,Yes,2026-04-22,,2026-04-22,Facility asset only,3,0,"Google Cloud Storage object timeCreated for Epioxa/Glaukos public facility and provider photo assets; proxy only, not official active date",+14134086115,westernmasseyecare.com,
Weston Contact Lens Institute,"2863 Executive Park Drive, #103, Weston, FL 33331",Weston,FL,33331,No,Yes,2026-05-13,2026-05-13,2026-05-13,Strong: facility/provider asset dates within 7 days,3,1,"Google Cloud Storage object timeCreated for Epioxa/Glaukos public facility and provider photo assets; proxy only, not official active date",+12182741158,miamicontactlens.com,Elise Kramer
White Eye Asssociates,"301 Bowman Gray Drive, Greenville, NC 27834",Greenville,NC,27834,Yes,No,2026-04-15,,2026-04-15,Facility asset only,1,0,"Google Cloud Storage object timeCreated for Epioxa/Glaukos public facility and provider photo assets; proxy only, not official active date",+12524400612,http://whiteeye.net/,Charles Pophal MD
Williamson Eye Center,"USE-9001 Summa Ave, Suite 245 Baton Rouge, LA 70809, Baton Rouge, LA 70806",Baton Rouge,LA,70806,Yes,No,2026-06-24,2026-06-24,2026-06-24,Strong: facility/provider asset dates within 7 days,2,1,"Google Cloud Storage object timeCreated for Epioxa/Glaukos public facility and provider photo assets; proxy only, not official active date",+12254632073,https://www.williamsoneyectr.com/locations/baton-rouge-bluebonnet-campus/?y_source=1_MTQ3ODIxNTgtNzE1LWxvY2F0aW9uLndlYnNpdGU%3D,Josh Davidson
Wills Eye Hospital Cornea Division,"840 Walnut Street / Suite 920, Philadelphia, PA 19107",Philadelphia,PA,19107,Yes,Yes,2026-04-20,,2026-04-20,Facility asset only,3,0,"Google Cloud Storage object timeCreated for Epioxa/Glaukos public facility and provider photo assets; proxy only, not official active date",+15314144012,,Chris Rapuano MD; Beeran Meghpara; Zeba Syed; Aditya Kanesa-Thasan; Nicholas Hadjokas MD
Wilmington Eye,"1729 New Hanover Medical Park, Wilmington, NC 28403",Wilmington,NC,28403,Yes,No,2026-04-17,2026-04-17,2026-04-17,Strong: facility/provider asset dates within 7 days,2,1,"Google Cloud Storage object timeCreated for Epioxa/Glaukos public facility and provider photo assets; proxy only, not official active date",+19106684069,https://wilmingtoneye.com/specialties/cornea/,Clark Springs
WVU Eye Institute,"1 Medical Center Dr / Dept 8045, Morgantown, WV 26506",Morgantown,WV,26506,Yes,No,2026-05-26,2026-05-26,2026-05-26,Strong: facility/provider asset dates within 7 days,2,2,"Google Cloud Storage object timeCreated for Epioxa/Glaukos public facility and provider photo assets; proxy only, not official active date",+13047733598,http://wvumedicine.org/hospitals-and-institutes/eye-institute/corneal-and-external-diseases/,Lingo Lai; Thomas Mauger MD